Dragon	Stage	Age Category	Hit Dice	Combat Modifier	THAC0	Breath Weapon	Spell Level	Magic Resistance	Special Immunities/Abilities
Red	1	Hatchling	9	+1	13	2d10+1	None	Nil	Innate: A red dragon's breath weapon is a searing cone of fire 90' long, 5' wide at the dragon's mouth and 30' at the base. Creatures struck by the flames must save versus breath weapon for half damage. Red dragons cast spells at 9th level, adjusted by their combat modifiers. Red dragons are born immune to fire. As they age, they gain the following additional powers:
Red	2	Very young	11	+2	11	4d10+2	None	Nil	Innate: A red dragon's breath weapon is a searing cone of fire 90' long, 5' wide at the dragon's mouth and 30' at the base. Creatures struck by the flames must save versus breath weapon for half damage. Red dragons cast spells at 9th level, adjusted by their combat modifiers. Red dragons are born immune to fire. As they age, they gain the following additional powers:
Red	3	Young	13	+3	9	6d10+3	None	Nil	Innate: A red dragon's breath weapon is a searing cone of fire 90' long, 5' wide at the dragon's mouth and 30' at the base. Creatures struck by the flames must save versus breath weapon for half damage. Red dragons cast spells at 9th level, adjusted by their combat modifiers. Red dragons are born immune to fire. As they age, they gain the following additional powers: | +Young: affect normal fires three times per day
Red	4	Juvenile	15	+4	7	8d10+4	1st	Nil	Innate: A red dragon's breath weapon is a searing cone of fire 90' long, 5' wide at the dragon's mouth and 30' at the base. Creatures struck by the flames must save versus breath weapon for half damage. Red dragons cast spells at 9th level, adjusted by their combat modifiers. Red dragons are born immune to fire. As they age, they gain the following additional powers: | +Young: affect normal fires three times per day | +Juvenile: pyrotechnics three times per day
Red	5	Young adult	16	+5	6	10d10+5	2nd	30%	Innate: A red dragon's breath weapon is a searing cone of fire 90' long, 5' wide at the dragon's mouth and 30' at the base. Creatures struck by the flames must save versus breath weapon for half damage. Red dragons cast spells at 9th level, adjusted by their combat modifiers. Red dragons are born immune to fire. As they age, they gain the following additional powers: | +Young: affect normal fires three times per day | +Juvenile: pyrotechnics three times per day
Red	6	Adult	17	+6	5	12d10+6	2nd	35%	Innate: A red dragon's breath weapon is a searing cone of fire 90' long, 5' wide at the dragon's mouth and 30' at the base. Creatures struck by the flames must save versus breath weapon for half damage. Red dragons cast spells at 9th level, adjusted by their combat modifiers. Red dragons are born immune to fire. As they age, they gain the following additional powers: | +Young: affect normal fires three times per day | +Juvenile: pyrotechnics three times per day | +Adult: heat metal once per day
Red	7	Mature adult	18	+7	4	14d10+7	2nd	40%	Innate: A red dragon's breath weapon is a searing cone of fire 90' long, 5' wide at the dragon's mouth and 30' at the base. Creatures struck by the flames must save versus breath weapon for half damage. Red dragons cast spells at 9th level, adjusted by their combat modifiers. Red dragons are born immune to fire. As they age, they gain the following additional powers: | +Young: affect normal fires three times per day | +Juvenile: pyrotechnics three times per day | +Adult: heat metal once per day
Red	8	Old	19	+8	3	16d10+8	3rd	45%	Innate: A red dragon's breath weapon is a searing cone of fire 90' long, 5' wide at the dragon's mouth and 30' at the base. Creatures struck by the flames must save versus breath weapon for half damage. Red dragons cast spells at 9th level, adjusted by their combat modifiers. Red dragons are born immune to fire. As they age, they gain the following additional powers: | +Young: affect normal fires three times per day | +Juvenile: pyrotechnics three times per day | +Adult: heat metal once per day | +Old: suggestion once per day
Red	9	Very old	20	+9	2	18d10+9	3rd	50%	Innate: A red dragon's breath weapon is a searing cone of fire 90' long, 5' wide at the dragon's mouth and 30' at the base. Creatures struck by the flames must save versus breath weapon for half damage. Red dragons cast spells at 9th level, adjusted by their combat modifiers. Red dragons are born immune to fire. As they age, they gain the following additional powers: | +Young: affect normal fires three times per day | +Juvenile: pyrotechnics three times per day | +Adult: heat metal once per day | +Old: suggestion once per day | +Very old: hypnotism once per day
Red	10	Venerable	21	+10	1	20d10+10	4th	55%	Innate: A red dragon's breath weapon is a searing cone of fire 90' long, 5' wide at the dragon's mouth and 30' at the base. Creatures struck by the flames must save versus breath weapon for half damage. Red dragons cast spells at 9th level, adjusted by their combat modifiers. Red dragons are born immune to fire. As they age, they gain the following additional powers: | +Young: affect normal fires three times per day | +Juvenile: pyrotechnics three times per day | +Adult: heat metal once per day | +Old: suggestion once per day | +Very old: hypnotism once per day | +Venerable: detect gems, kind and number in a 100' radius three times a day
Red	11	Wyrm	22	+11	0	22d10+11	5th	60%	Innate: A red dragon's breath weapon is a searing cone of fire 90' long, 5' wide at the dragon's mouth and 30' at the base. Creatures struck by the flames must save versus breath weapon for half damage. Red dragons cast spells at 9th level, adjusted by their combat modifiers. Red dragons are born immune to fire. As they age, they gain the following additional powers: | +Young: affect normal fires three times per day | +Juvenile: pyrotechnics three times per day | +Adult: heat metal once per day | +Old: suggestion once per day | +Very old: hypnotism once per day | +Venerable: detect gems, kind and number in a 100' radius three times a day
Red	12	Great Wyrm	23	+12	-1	24d10+12	6th	65%	Innate: A red dragon's breath weapon is a searing cone of fire 90' long, 5' wide at the dragon's mouth and 30' at the base. Creatures struck by the flames must save versus breath weapon for half damage. Red dragons cast spells at 9th level, adjusted by their combat modifiers. Red dragons are born immune to fire. As they age, they gain the following additional powers: | +Young: affect normal fires three times per day | +Juvenile: pyrotechnics three times per day | +Adult: heat metal once per day | +Old: suggestion once per day | +Very old: hypnotism once per day | +Venerable: detect gems, kind and number in a 100' radius three times a day
Blue	1	Hatchling	8	+1	13	2d8+1	None	Nil	Innate: A blue dragon's breath weapon is a 5' wide bolt of lightning that streaks 100' in a straight line from the dragon's mouth. All creatures caught in this stream must save vs. breath weapon for half damage. Blue dragons cast spells and use their magical abilities at 7th level, adjusted by their combat modifier. Blue dragons are born with an immunity to electricity. As they age, they gain the following additional powers:
Blue	2	Very young	10	+2	11	4d8+2	None	Nil	Innate: A blue dragon's breath weapon is a 5' wide bolt of lightning that streaks 100' in a straight line from the dragon's mouth. All creatures caught in this stream must save vs. breath weapon for half damage. Blue dragons cast spells and use their magical abilities at 7th level, adjusted by their combat modifier. Blue dragons are born with an immunity to electricity. As they age, they gain the following additional powers:
Blue	3	Young	12	+3	9	6d8+3	None	Nil	Innate: A blue dragon's breath weapon is a 5' wide bolt of lightning that streaks 100' in a straight line from the dragon's mouth. All creatures caught in this stream must save vs. breath weapon for half damage. Blue dragons cast spells and use their magical abilities at 7th level, adjusted by their combat modifier. Blue dragons are born with an immunity to electricity. As they age, they gain the following additional powers: | +Young: create or destroy water three times per day
Blue	4	Juvenile	14	+4	7	8d8+4	1st	Nil	Innate: A blue dragon's breath weapon is a 5' wide bolt of lightning that streaks 100' in a straight line from the dragon's mouth. All creatures caught in this stream must save vs. breath weapon for half damage. Blue dragons cast spells and use their magical abilities at 7th level, adjusted by their combat modifier. Blue dragons are born with an immunity to electricity. As they age, they gain the following additional powers: | +Young: create or destroy water three times per day | +Juvenile: sound imitation at will
Blue	5	Young adult	15	+5	6	10d8+5	2nd	20%	Innate: A blue dragon's breath weapon is a 5' wide bolt of lightning that streaks 100' in a straight line from the dragon's mouth. All creatures caught in this stream must save vs. breath weapon for half damage. Blue dragons cast spells and use their magical abilities at 7th level, adjusted by their combat modifier. Blue dragons are born with an immunity to electricity. As they age, they gain the following additional powers: | +Young: create or destroy water three times per day | +Juvenile: sound imitation at will
Blue	6	Adult	16	+6	5	12d8+6	3rd	25%	Innate: A blue dragon's breath weapon is a 5' wide bolt of lightning that streaks 100' in a straight line from the dragon's mouth. All creatures caught in this stream must save vs. breath weapon for half damage. Blue dragons cast spells and use their magical abilities at 7th level, adjusted by their combat modifier. Blue dragons are born with an immunity to electricity. As they age, they gain the following additional powers: | +Young: create or destroy water three times per day | +Juvenile: sound imitation at will | +Adult: dust devil once a day
Blue	7	Mature adult	17	+7	4	14d8+7	2nd	30%	Innate: A blue dragon's breath weapon is a 5' wide bolt of lightning that streaks 100' in a straight line from the dragon's mouth. All creatures caught in this stream must save vs. breath weapon for half damage. Blue dragons cast spells and use their magical abilities at 7th level, adjusted by their combat modifier. Blue dragons are born with an immunity to electricity. As they age, they gain the following additional powers: | +Young: create or destroy water three times per day | +Juvenile: sound imitation at will | +Adult: dust devil once a day
Blue	8	Old	18	+8	3	16d8+8	2nd	35%	Innate: A blue dragon's breath weapon is a 5' wide bolt of lightning that streaks 100' in a straight line from the dragon's mouth. All creatures caught in this stream must save vs. breath weapon for half damage. Blue dragons cast spells and use their magical abilities at 7th level, adjusted by their combat modifier. Blue dragons are born with an immunity to electricity. As they age, they gain the following additional powers: | +Young: create or destroy water three times per day | +Juvenile: sound imitation at will | +Adult: dust devil once a day | +Old: ventriloquism once a day
Blue	9	Very old	19	+9	2	18d8+9	2nd	40%	Innate: A blue dragon's breath weapon is a 5' wide bolt of lightning that streaks 100' in a straight line from the dragon's mouth. All creatures caught in this stream must save vs. breath weapon for half damage. Blue dragons cast spells and use their magical abilities at 7th level, adjusted by their combat modifier. Blue dragons are born with an immunity to electricity. As they age, they gain the following additional powers: | +Young: create or destroy water three times per day | +Juvenile: sound imitation at will | +Adult: dust devil once a day | +Old: ventriloquism once a day
Blue	10	Venerable	20	+10	1	20d8+10	4th	45%	Innate: A blue dragon's breath weapon is a 5' wide bolt of lightning that streaks 100' in a straight line from the dragon's mouth. All creatures caught in this stream must save vs. breath weapon for half damage. Blue dragons cast spells and use their magical abilities at 7th level, adjusted by their combat modifier. Blue dragons are born with an immunity to electricity. As they age, they gain the following additional powers: | +Young: create or destroy water three times per day | +Juvenile: sound imitation at will | +Adult: dust devil once a day | +Old: ventriloquism once a day | +Venerable: hallucinatory terrain once a day
Blue	11	Wyrm	21	+11	0	22d8+11	4th	50%	Innate: A blue dragon's breath weapon is a 5' wide bolt of lightning that streaks 100' in a straight line from the dragon's mouth. All creatures caught in this stream must save vs. breath weapon for half damage. Blue dragons cast spells and use their magical abilities at 7th level, adjusted by their combat modifier. Blue dragons are born with an immunity to electricity. As they age, they gain the following additional powers: | +Young: create or destroy water three times per day | +Juvenile: sound imitation at will | +Adult: dust devil once a day | +Old: ventriloquism once a day | +Venerable: hallucinatory terrain once a day
Blue	12	Great Wyrm	22	+12	-1	24d8+12	4th	55%	Innate: A blue dragon's breath weapon is a 5' wide bolt of lightning that streaks 100' in a straight line from the dragon's mouth. All creatures caught in this stream must save vs. breath weapon for half damage. Blue dragons cast spells and use their magical abilities at 7th level, adjusted by their combat modifier. Blue dragons are born with an immunity to electricity. As they age, they gain the following additional powers: | +Young: create or destroy water three times per day | +Juvenile: sound imitation at will | +Adult: dust devil once a day | +Old: ventriloquism once a day | +Venerable: hallucinatory terrain once a day
Green	1	Hatchling	7	+1	13	2d6+1	None	Nil	Innate: A green dragon's breath weapon is a cloud of poisonous chlorine gas that is 50' long, 40' wide, and 30 feet high. Creatures within the cloud may save versus breath weapon for half damage. A green dragon casts its spells at 6th level, adjusted by its combat modifier. From birth, green dragons are immune to gasses. As they age, they gain the following additional powers:
Green	2	Very young	9	+2	11	4d6+2	None	Nil	Innate: A green dragon's breath weapon is a cloud of poisonous chlorine gas that is 50' long, 40' wide, and 30 feet high. Creatures within the cloud may save versus breath weapon for half damage. A green dragon casts its spells at 6th level, adjusted by its combat modifier. From birth, green dragons are immune to gasses. As they age, they gain the following additional powers:
Green	3	Young	11	+3	9	6d6+3	None	Nil	Innate: A green dragon's breath weapon is a cloud of poisonous chlorine gas that is 50' long, 40' wide, and 30 feet high. Creatures within the cloud may save versus breath weapon for half damage. A green dragon casts its spells at 6th level, adjusted by its combat modifier. From birth, green dragons are immune to gasses. As they age, they gain the following additional powers:
Green	4	Juvenile	13	+4	7	8d6+4	1st	Nil	Innate: A green dragon's breath weapon is a cloud of poisonous chlorine gas that is 50' long, 40' wide, and 30 feet high. Creatures within the cloud may save versus breath weapon for half damage. A green dragon casts its spells at 6th level, adjusted by its combat modifier. From birth, green dragons are immune to gasses. As they age, they gain the following additional powers: | +Juvenile: water breathing
Green	5	Young adult	14	+5	6	10d6+5	2nd	15%	Innate: A green dragon's breath weapon is a cloud of poisonous chlorine gas that is 50' long, 40' wide, and 30 feet high. Creatures within the cloud may save versus breath weapon for half damage. A green dragon casts its spells at 6th level, adjusted by its combat modifier. From birth, green dragons are immune to gasses. As they age, they gain the following additional powers: | +Juvenile: water breathing
Green	6	Adult	15	+6	5	12d6+6	3rd	20%	Innate: A green dragon's breath weapon is a cloud of poisonous chlorine gas that is 50' long, 40' wide, and 30 feet high. Creatures within the cloud may save versus breath weapon for half damage. A green dragon casts its spells at 6th level, adjusted by its combat modifier. From birth, green dragons are immune to gasses. As they age, they gain the following additional powers: | +Juvenile: water breathing | +Adult: suggestion once a day
Green	7	Mature adult	16	+7	4	14d6+7	4th	25%	Innate: A green dragon's breath weapon is a cloud of poisonous chlorine gas that is 50' long, 40' wide, and 30 feet high. Creatures within the cloud may save versus breath weapon for half damage. A green dragon casts its spells at 6th level, adjusted by its combat modifier. From birth, green dragons are immune to gasses. As they age, they gain the following additional powers: | +Juvenile: water breathing | +Adult: suggestion once a day | +Mature adult: warp wood three times a day
Green	8	Old	17	+8	3	16d6+8	2nd	30%	Innate: A green dragon's breath weapon is a cloud of poisonous chlorine gas that is 50' long, 40' wide, and 30 feet high. Creatures within the cloud may save versus breath weapon for half damage. A green dragon casts its spells at 6th level, adjusted by its combat modifier. From birth, green dragons are immune to gasses. As they age, they gain the following additional powers: | +Juvenile: water breathing | +Adult: suggestion once a day | +Mature adult: warp wood three times a day | +Old: plant growth once a day
Green	9	Very old	18	+9	2	18d6+9	2nd	40%	Innate: A green dragon's breath weapon is a cloud of poisonous chlorine gas that is 50' long, 40' wide, and 30 feet high. Creatures within the cloud may save versus breath weapon for half damage. A green dragon casts its spells at 6th level, adjusted by its combat modifier. From birth, green dragons are immune to gasses. As they age, they gain the following additional powers: | +Juvenile: water breathing | +Adult: suggestion once a day | +Mature adult: warp wood three times a day | +Old: plant growth once a day | +Very old: entangle once a day
Green	10	Venerable	19	+10	1	20d6+10	2nd	45%	Innate: A green dragon's breath weapon is a cloud of poisonous chlorine gas that is 50' long, 40' wide, and 30 feet high. Creatures within the cloud may save versus breath weapon for half damage. A green dragon casts its spells at 6th level, adjusted by its combat modifier. From birth, green dragons are immune to gasses. As they age, they gain the following additional powers: | +Juvenile: water breathing | +Adult: suggestion once a day | +Mature adult: warp wood three times a day | +Old: plant growth once a day | +Very old: entangle once a day
Green	11	Wyrm	20	+11	0	22d6+11	2nd	50%	Innate: A green dragon's breath weapon is a cloud of poisonous chlorine gas that is 50' long, 40' wide, and 30 feet high. Creatures within the cloud may save versus breath weapon for half damage. A green dragon casts its spells at 6th level, adjusted by its combat modifier. From birth, green dragons are immune to gasses. As they age, they gain the following additional powers: | +Juvenile: water breathing | +Adult: suggestion once a day | +Mature adult: warp wood three times a day | +Old: plant growth once a day | +Very old: entangle once a day | +Wyrm: pass without trace three times a day
Green	12	Great Wyrm	21	+12	-1	24d6+12	2nd	55%	Innate: A green dragon's breath weapon is a cloud of poisonous chlorine gas that is 50' long, 40' wide, and 30 feet high. Creatures within the cloud may save versus breath weapon for half damage. A green dragon casts its spells at 6th level, adjusted by its combat modifier. From birth, green dragons are immune to gasses. As they age, they gain the following additional powers: | +Juvenile: water breathing | +Adult: suggestion once a day | +Mature adult: warp wood three times a day | +Old: plant growth once a day | +Very old: entangle once a day | +Wyrm: pass without trace three times a day
Black	1	Hatchling	6	+1	15	2d4+1	None	Nil	Innate: A black dragon's breath weapon is a 5' wide stream of acid that extends 60' in a straight line from the dragon's head. All creatures caught in this stream must save vs. breath weapon for half damage. A black dragon casts spells and uses its magical abilities at 5th level, plus its combat modifier. Black dragons are born with an innate water breathing ability and an immunity to acid. As they age, they gain the following additional powers:
Black	2	Very young	8	+2	13	4d4+2	None	Nil	Innate: A black dragon's breath weapon is a 5' wide stream of acid that extends 60' in a straight line from the dragon's head. All creatures caught in this stream must save vs. breath weapon for half damage. A black dragon casts spells and uses its magical abilities at 5th level, plus its combat modifier. Black dragons are born with an innate water breathing ability and an immunity to acid. As they age, they gain the following additional powers:
Black	3	Young	10	+3	11	6d4+3	None	Nil	Innate: A black dragon's breath weapon is a 5' wide stream of acid that extends 60' in a straight line from the dragon's head. All creatures caught in this stream must save vs. breath weapon for half damage. A black dragon casts spells and uses its magical abilities at 5th level, plus its combat modifier. Black dragons are born with an innate water breathing ability and an immunity to acid. As they age, they gain the following additional powers:
Black	4	Juvenile	12	+4	9	8d4+4	1st	Nil	Innate: A black dragon's breath weapon is a 5' wide stream of acid that extends 60' in a straight line from the dragon's head. All creatures caught in this stream must save vs. breath weapon for half damage. A black dragon casts spells and uses its magical abilities at 5th level, plus its combat modifier. Black dragons are born with an innate water breathing ability and an immunity to acid. As they age, they gain the following additional powers: | +Juvenile: darkness three times a day in a 10' radius per age category of the dragon
Black	5	Young adult	13	+5	8	10d4+5	2nd	10%	Innate: A black dragon's breath weapon is a 5' wide stream of acid that extends 60' in a straight line from the dragon's head. All creatures caught in this stream must save vs. breath weapon for half damage. A black dragon casts spells and uses its magical abilities at 5th level, plus its combat modifier. Black dragons are born with an innate water breathing ability and an immunity to acid. As they age, they gain the following additional powers: | +Juvenile: darkness three times a day in a 10' radius per age category of the dragon
Black	6	Adult	14	+6	7	12d4+6	3rd	15%	Innate: A black dragon's breath weapon is a 5' wide stream of acid that extends 60' in a straight line from the dragon's head. All creatures caught in this stream must save vs. breath weapon for half damage. A black dragon casts spells and uses its magical abilities at 5th level, plus its combat modifier. Black dragons are born with an innate water breathing ability and an immunity to acid. As they age, they gain the following additional powers: | +Juvenile: darkness three times a day in a 10' radius per age category of the dragon | +Adult: corrupt water once a day. For every age category a dragon attains, it can stagnate 10 cubic feet of water, making it become still, foul, inert, and unable to support animal life. When this ability is used against potions and elixirs, they become useless if they roll a 15 or better on 1d20
Black	7	Mature adult	15	+7	6	14d4+7	4th	20%	Innate: A black dragon's breath weapon is a 5' wide stream of acid that extends 60' in a straight line from the dragon's head. All creatures caught in this stream must save vs. breath weapon for half damage. A black dragon casts spells and uses its magical abilities at 5th level, plus its combat modifier. Black dragons are born with an innate water breathing ability and an immunity to acid. As they age, they gain the following additional powers: | +Juvenile: darkness three times a day in a 10' radius per age category of the dragon | +Adult: corrupt water once a day. For every age category a dragon attains, it can stagnate 10 cubic feet of water, making it become still, foul, inert, and unable to support animal life. When this ability is used against potions and elixirs, they become useless if they roll a 15 or better on 1d20
Black	8	Old	16	+8	5	16d4+8	5th	25%	Innate: A black dragon's breath weapon is a 5' wide stream of acid that extends 60' in a straight line from the dragon's head. All creatures caught in this stream must save vs. breath weapon for half damage. A black dragon casts spells and uses its magical abilities at 5th level, plus its combat modifier. Black dragons are born with an innate water breathing ability and an immunity to acid. As they age, they gain the following additional powers: | +Juvenile: darkness three times a day in a 10' radius per age category of the dragon | +Adult: corrupt water once a day. For every age category a dragon attains, it can stagnate 10 cubic feet of water, making it become still, foul, inert, and unable to support animal life. When this ability is used against potions and elixirs, they become useless if they roll a 15 or better on 1d20 | +Old: plant growth once a day
Black	9	Very old	17	+9	4	18d4+9	6th	30%	Innate: A black dragon's breath weapon is a 5' wide stream of acid that extends 60' in a straight line from the dragon's head. All creatures caught in this stream must save vs. breath weapon for half damage. A black dragon casts spells and uses its magical abilities at 5th level, plus its combat modifier. Black dragons are born with an innate water breathing ability and an immunity to acid. As they age, they gain the following additional powers: | +Juvenile: darkness three times a day in a 10' radius per age category of the dragon | +Adult: corrupt water once a day. For every age category a dragon attains, it can stagnate 10 cubic feet of water, making it become still, foul, inert, and unable to support animal life. When this ability is used against potions and elixirs, they become useless if they roll a 15 or better on 1d20 | +Old: plant growth once a day
Black	10	Venerable	18	+10	3	20d4+10	7th	35%	Innate: A black dragon's breath weapon is a 5' wide stream of acid that extends 60' in a straight line from the dragon's head. All creatures caught in this stream must save vs. breath weapon for half damage. A black dragon casts spells and uses its magical abilities at 5th level, plus its combat modifier. Black dragons are born with an innate water breathing ability and an immunity to acid. As they age, they gain the following additional powers: | +Juvenile: darkness three times a day in a 10' radius per age category of the dragon | +Adult: corrupt water once a day. For every age category a dragon attains, it can stagnate 10 cubic feet of water, making it become still, foul, inert, and unable to support animal life. When this ability is used against potions and elixirs, they become useless if they roll a 15 or better on 1d20 | +Old: plant growth once a day | +Venerable: summon insects once a day
Black	11	Wyrm	19	+11	2	22d4+11	8th	40%	Innate: A black dragon's breath weapon is a 5' wide stream of acid that extends 60' in a straight line from the dragon's head. All creatures caught in this stream must save vs. breath weapon for half damage. A black dragon casts spells and uses its magical abilities at 5th level, plus its combat modifier. Black dragons are born with an innate water breathing ability and an immunity to acid. As they age, they gain the following additional powers: | +Juvenile: darkness three times a day in a 10' radius per age category of the dragon | +Adult: corrupt water once a day. For every age category a dragon attains, it can stagnate 10 cubic feet of water, making it become still, foul, inert, and unable to support animal life. When this ability is used against potions and elixirs, they become useless if they roll a 15 or better on 1d20 | +Old: plant growth once a day | +Venerable: summon insects once a day
Black	12	Great Wyrm	20	+12	1	24d4+12	9th	45%	Innate: A black dragon's breath weapon is a 5' wide stream of acid that extends 60' in a straight line from the dragon's head. All creatures caught in this stream must save vs. breath weapon for half damage. A black dragon casts spells and uses its magical abilities at 5th level, plus its combat modifier. Black dragons are born with an innate water breathing ability and an immunity to acid. As they age, they gain the following additional powers: | +Juvenile: darkness three times a day in a 10' radius per age category of the dragon | +Adult: corrupt water once a day. For every age category a dragon attains, it can stagnate 10 cubic feet of water, making it become still, foul, inert, and unable to support animal life. When this ability is used against potions and elixirs, they become useless if they roll a 15 or better on 1d20 | +Old: plant growth once a day | +Venerable: summon insects once a day | +Great Wyrm: charm reptiles three times a day. This operates as a charm mammals spell, but is applicable only to reptiles
White	1	Hatchling	5	+1	15	1d6+1	None	Nil	Innate: A white dragon's breath weapon is a come of frost 70' long, 5' wide at the dragon's mouth, and 25' wide at the base. Creatures caught in the blast may Save versus Breath Weapon for half damage. A white dragon casts its spells and uses its magical abilities at 5th level, plus its combat modifier. From their birth, white dragons are immune to cold. As they grow older, they gain the following additional abilities:
White	2	Very young	7	+2	13	2d6+2	None	Nil	Innate: A white dragon's breath weapon is a come of frost 70' long, 5' wide at the dragon's mouth, and 25' wide at the base. Creatures caught in the blast may Save versus Breath Weapon for half damage. A white dragon casts its spells and uses its magical abilities at 5th level, plus its combat modifier. From their birth, white dragons are immune to cold. As they grow older, they gain the following additional abilities:
White	3	Young	9	+3	11	3d6+3	None	Nil	Innate: A white dragon's breath weapon is a come of frost 70' long, 5' wide at the dragon's mouth, and 25' wide at the base. Creatures caught in the blast may Save versus Breath Weapon for half damage. A white dragon casts its spells and uses its magical abilities at 5th level, plus its combat modifier. From their birth, white dragons are immune to cold. As they grow older, they gain the following additional abilities:
White	4	Juvenile	11	+4	9	4d6+4	None	Nil	Innate: A white dragon's breath weapon is a come of frost 70' long, 5' wide at the dragon's mouth, and 25' wide at the base. Creatures caught in the blast may Save versus Breath Weapon for half damage. A white dragon casts its spells and uses its magical abilities at 5th level, plus its combat modifier. From their birth, white dragons are immune to cold. As they grow older, they gain the following additional abilities: | +Juvenile: ice walking, which allows the dragon to walk across ice as easily as easily as creatures walk across flat, dry ground
White	5	Young adult	12	+5	8	5d6+5	None	5%	Innate: A white dragon's breath weapon is a come of frost 70' long, 5' wide at the dragon's mouth, and 25' wide at the base. Creatures caught in the blast may Save versus Breath Weapon for half damage. A white dragon casts its spells and uses its magical abilities at 5th level, plus its combat modifier. From their birth, white dragons are immune to cold. As they grow older, they gain the following additional abilities: | +Juvenile: ice walking, which allows the dragon to walk across ice as easily as easily as creatures walk across flat, dry ground
White	6	Adult	13	+6	7	6d6+6	1st	10%	Innate: A white dragon's breath weapon is a come of frost 70' long, 5' wide at the dragon's mouth, and 25' wide at the base. Creatures caught in the blast may Save versus Breath Weapon for half damage. A white dragon casts its spells and uses its magical abilities at 5th level, plus its combat modifier. From their birth, white dragons are immune to cold. As they grow older, they gain the following additional abilities: | +Juvenile: ice walking, which allows the dragon to walk across ice as easily as easily as creatures walk across flat, dry ground
White	7	Mature adult	14	+7	6	7d6+7	1st	15%	Innate: A white dragon's breath weapon is a come of frost 70' long, 5' wide at the dragon's mouth, and 25' wide at the base. Creatures caught in the blast may Save versus Breath Weapon for half damage. A white dragon casts its spells and uses its magical abilities at 5th level, plus its combat modifier. From their birth, white dragons are immune to cold. As they grow older, they gain the following additional abilities: | +Juvenile: ice walking, which allows the dragon to walk across ice as easily as easily as creatures walk across flat, dry ground | +Mature adult: gust of wind three times a day
White	8	Old	15	+8	5	8d6+8	2nd	20%	Innate: A white dragon's breath weapon is a come of frost 70' long, 5' wide at the dragon's mouth, and 25' wide at the base. Creatures caught in the blast may Save versus Breath Weapon for half damage. A white dragon casts its spells and uses its magical abilities at 5th level, plus its combat modifier. From their birth, white dragons are immune to cold. As they grow older, they gain the following additional abilities: | +Juvenile: ice walking, which allows the dragon to walk across ice as easily as easily as creatures walk across flat, dry ground | +Mature adult: gust of wind three times a day
White	9	Very old	16	+9	4	9d6+9	2nd	25%	Innate: A white dragon's breath weapon is a come of frost 70' long, 5' wide at the dragon's mouth, and 25' wide at the base. Creatures caught in the blast may Save versus Breath Weapon for half damage. A white dragon casts its spells and uses its magical abilities at 5th level, plus its combat modifier. From their birth, white dragons are immune to cold. As they grow older, they gain the following additional abilities: | +Juvenile: ice walking, which allows the dragon to walk across ice as easily as easily as creatures walk across flat, dry ground | +Mature adult: gust of wind three times a day | +Very old: wall of fog three times a day, this produces snow or hail rather than rain
White	10	Venerable	17	+10	3	10d6+10	3rd	30%	Innate: A white dragon's breath weapon is a come of frost 70' long, 5' wide at the dragon's mouth, and 25' wide at the base. Creatures caught in the blast may Save versus Breath Weapon for half damage. A white dragon casts its spells and uses its magical abilities at 5th level, plus its combat modifier. From their birth, white dragons are immune to cold. As they grow older, they gain the following additional abilities: | +Juvenile: ice walking, which allows the dragon to walk across ice as easily as easily as creatures walk across flat, dry ground | +Mature adult: gust of wind three times a day | +Very old: wall of fog three times a day, this produces snow or hail rather than rain
White	11	Wyrm	18	+11	2	11d6+11	3rd	35%	Innate: A white dragon's breath weapon is a come of frost 70' long, 5' wide at the dragon's mouth, and 25' wide at the base. Creatures caught in the blast may Save versus Breath Weapon for half damage. A white dragon casts its spells and uses its magical abilities at 5th level, plus its combat modifier. From their birth, white dragons are immune to cold. As they grow older, they gain the following additional abilities: | +Juvenile: ice walking, which allows the dragon to walk across ice as easily as easily as creatures walk across flat, dry ground | +Mature adult: gust of wind three times a day | +Very old: wall of fog three times a day, this produces snow or hail rather than rain | +Wyrm: freezing fog three times a day. This obscures vision in a 100' radius and causes frost to form, creating a thin layer of glare ice on the ground and on all surfaces within the radius
White	12	Great Wyrm	19	+12	1	12d6+12	4th	40%	Innate: A white dragon's breath weapon is a come of frost 70' long, 5' wide at the dragon's mouth, and 25' wide at the base. Creatures caught in the blast may Save versus Breath Weapon for half damage. A white dragon casts its spells and uses its magical abilities at 5th level, plus its combat modifier. From their birth, white dragons are immune to cold. As they grow older, they gain the following additional abilities: | +Juvenile: ice walking, which allows the dragon to walk across ice as easily as easily as creatures walk across flat, dry ground | +Mature adult: gust of wind three times a day | +Very old: wall of fog three times a day, this produces snow or hail rather than rain | +Wyrm: freezing fog three times a day. This obscures vision in a 100' radius and causes frost to form, creating a thin layer of glare ice on the ground and on all surfaces within the radius
Brass	1	Hatchling	6	+1	15	2d4+1	None	Nil	None listed in age table text.
Brass	2	Very young	8	+2	13	4d4+2	None	Nil	None listed in age table text.
Brass	3	Young	10	+3	11	6d4+3	None	Nil	None listed in age table text.
Brass	4	Juvenile	12	+4	9	8d4+4	1st	Nil	None listed in age table text.
Brass	5	Young adult	13	+5	8	10d4+5	1st	15%	None listed in age table text.
Brass	6	Adult	14	+6	7	12d4+6	2nd	20%	None listed in age table text.
Brass	7	Mature adult	15	+7	6	14d4+7	2nd	25%	None listed in age table text.
Brass	8	Old	16	+8	5	16d4+8	3rd	30%	None listed in age table text.
Brass	9	Very old	17	+9	4	18d4+9	4th	35%	None listed in age table text.
Brass	10	Venerable	18	+10	3	20d4+10	4th	40%	None listed in age table text.
Brass	11	Wyrm	19	+11	2	22d4+11	4th	45%	None listed in age table text.
Brass	12	Great Wyrm	20	+12	1	24d4+12	4th	50%	None listed in age table text.
Bronze	1	Hatchling	8	+1	14	2d8+1	None	Nil	Innate: A bronze dragon has two breath weapons: a stroke of lightning 100' long and 5' side or a cloud of repulsion gas 20' long, 30' wide, and 30' high. Creatures caught in the gas must save vs. breath weapon or move away from the dragon for two minutes per age level of the dragon, plus 1-6 minutes. Creature caught in the lightning take damage, save vs. breath weapon for half. A bronze dragon casts its spells and uses its magical abilities at 8th level, plus its combat modifier. At birth, bronze dragons have a water breathing ability, can speak with animals at will, and are immune to electricity. As they age, they gain the following additional powers:
Bronze	2	Very young	10	+2	12	4d8+2	None	Nil	Innate: A bronze dragon has two breath weapons: a stroke of lightning 100' long and 5' side or a cloud of repulsion gas 20' long, 30' wide, and 30' high. Creatures caught in the gas must save vs. breath weapon or move away from the dragon for two minutes per age level of the dragon, plus 1-6 minutes. Creature caught in the lightning take damage, save vs. breath weapon for half. A bronze dragon casts its spells and uses its magical abilities at 8th level, plus its combat modifier. At birth, bronze dragons have a water breathing ability, can speak with animals at will, and are immune to electricity. As they age, they gain the following additional powers:
Bronze	3	Young	12	+3	10	6d8+3	None	Nil	Innate: A bronze dragon has two breath weapons: a stroke of lightning 100' long and 5' side or a cloud of repulsion gas 20' long, 30' wide, and 30' high. Creatures caught in the gas must save vs. breath weapon or move away from the dragon for two minutes per age level of the dragon, plus 1-6 minutes. Creature caught in the lightning take damage, save vs. breath weapon for half. A bronze dragon casts its spells and uses its magical abilities at 8th level, plus its combat modifier. At birth, bronze dragons have a water breathing ability, can speak with animals at will, and are immune to electricity. As they age, they gain the following additional powers: | +Young: create food and water and polymorph self three times a day. (Each change in form lasts until the dragon chooses a different form. Reverting to the dragon's normal form does not count as a change.)
Bronze	4	Juvenile	14	+4	8	8d8+4	1st	Nil	Innate: A bronze dragon has two breath weapons: a stroke of lightning 100' long and 5' side or a cloud of repulsion gas 20' long, 30' wide, and 30' high. Creatures caught in the gas must save vs. breath weapon or move away from the dragon for two minutes per age level of the dragon, plus 1-6 minutes. Creature caught in the lightning take damage, save vs. breath weapon for half. A bronze dragon casts its spells and uses its magical abilities at 8th level, plus its combat modifier. At birth, bronze dragons have a water breathing ability, can speak with animals at will, and are immune to electricity. As they age, they gain the following additional powers: | +Young: create food and water and polymorph self three times a day. (Each change in form lasts until the dragon chooses a different form. Reverting to the dragon's normal form does not count as a change.) | +Juvenile: wall of fog once a day
Bronze	5	Young adult	15	+5	7	10d8+5	2nd	20%	Innate: A bronze dragon has two breath weapons: a stroke of lightning 100' long and 5' side or a cloud of repulsion gas 20' long, 30' wide, and 30' high. Creatures caught in the gas must save vs. breath weapon or move away from the dragon for two minutes per age level of the dragon, plus 1-6 minutes. Creature caught in the lightning take damage, save vs. breath weapon for half. A bronze dragon casts its spells and uses its magical abilities at 8th level, plus its combat modifier. At birth, bronze dragons have a water breathing ability, can speak with animals at will, and are immune to electricity. As they age, they gain the following additional powers: | +Young: create food and water and polymorph self three times a day. (Each change in form lasts until the dragon chooses a different form. Reverting to the dragon's normal form does not count as a change.) | +Juvenile: wall of fog once a day
Bronze	6	Adult	16	+6	6	12d8+6	2nd	25%	Innate: A bronze dragon has two breath weapons: a stroke of lightning 100' long and 5' side or a cloud of repulsion gas 20' long, 30' wide, and 30' high. Creatures caught in the gas must save vs. breath weapon or move away from the dragon for two minutes per age level of the dragon, plus 1-6 minutes. Creature caught in the lightning take damage, save vs. breath weapon for half. A bronze dragon casts its spells and uses its magical abilities at 8th level, plus its combat modifier. At birth, bronze dragons have a water breathing ability, can speak with animals at will, and are immune to electricity. As they age, they gain the following additional powers: | +Young: create food and water and polymorph self three times a day. (Each change in form lasts until the dragon chooses a different form. Reverting to the dragon's normal form does not count as a change.) | +Juvenile: wall of fog once a day | +Adult: ESP three times a day
Bronze	7	Mature adult	17	+7	5	14d8+7	2nd	30%	Innate: A bronze dragon has two breath weapons: a stroke of lightning 100' long and 5' side or a cloud of repulsion gas 20' long, 30' wide, and 30' high. Creatures caught in the gas must save vs. breath weapon or move away from the dragon for two minutes per age level of the dragon, plus 1-6 minutes. Creature caught in the lightning take damage, save vs. breath weapon for half. A bronze dragon casts its spells and uses its magical abilities at 8th level, plus its combat modifier. At birth, bronze dragons have a water breathing ability, can speak with animals at will, and are immune to electricity. As they age, they gain the following additional powers: | +Young: create food and water and polymorph self three times a day. (Each change in form lasts until the dragon chooses a different form. Reverting to the dragon's normal form does not count as a change.) | +Juvenile: wall of fog once a day | +Adult: ESP three times a day | +Mature adult: airy water three times a day in a 10' radius per age category of the dragon
Bronze	8	Old	18	+8	4	16d8+8	4th	35%	Innate: A bronze dragon has two breath weapons: a stroke of lightning 100' long and 5' side or a cloud of repulsion gas 20' long, 30' wide, and 30' high. Creatures caught in the gas must save vs. breath weapon or move away from the dragon for two minutes per age level of the dragon, plus 1-6 minutes. Creature caught in the lightning take damage, save vs. breath weapon for half. A bronze dragon casts its spells and uses its magical abilities at 8th level, plus its combat modifier. At birth, bronze dragons have a water breathing ability, can speak with animals at will, and are immune to electricity. As they age, they gain the following additional powers: | +Young: create food and water and polymorph self three times a day. (Each change in form lasts until the dragon chooses a different form. Reverting to the dragon's normal form does not count as a change.) | +Juvenile: wall of fog once a day | +Adult: ESP three times a day | +Mature adult: airy water three times a day in a 10' radius per age category of the dragon | +Old: weather summoning once a day
Bronze	9	Very old	19	+9	3	18d8+9	5th	40%	Innate: A bronze dragon has two breath weapons: a stroke of lightning 100' long and 5' side or a cloud of repulsion gas 20' long, 30' wide, and 30' high. Creatures caught in the gas must save vs. breath weapon or move away from the dragon for two minutes per age level of the dragon, plus 1-6 minutes. Creature caught in the lightning take damage, save vs. breath weapon for half. A bronze dragon casts its spells and uses its magical abilities at 8th level, plus its combat modifier. At birth, bronze dragons have a water breathing ability, can speak with animals at will, and are immune to electricity. As they age, they gain the following additional powers: | +Young: create food and water and polymorph self three times a day. (Each change in form lasts until the dragon chooses a different form. Reverting to the dragon's normal form does not count as a change.) | +Juvenile: wall of fog once a day | +Adult: ESP three times a day | +Mature adult: airy water three times a day in a 10' radius per age category of the dragon | +Old: weather summoning once a day
Bronze	10	Venerable	20	+10	2	20d8+10	6th	45%	Innate: A bronze dragon has two breath weapons: a stroke of lightning 100' long and 5' side or a cloud of repulsion gas 20' long, 30' wide, and 30' high. Creatures caught in the gas must save vs. breath weapon or move away from the dragon for two minutes per age level of the dragon, plus 1-6 minutes. Creature caught in the lightning take damage, save vs. breath weapon for half. A bronze dragon casts its spells and uses its magical abilities at 8th level, plus its combat modifier. At birth, bronze dragons have a water breathing ability, can speak with animals at will, and are immune to electricity. As they age, they gain the following additional powers: | +Young: create food and water and polymorph self three times a day. (Each change in form lasts until the dragon chooses a different form. Reverting to the dragon's normal form does not count as a change.) | +Juvenile: wall of fog once a day | +Adult: ESP three times a day | +Mature adult: airy water three times a day in a 10' radius per age category of the dragon | +Old: weather summoning once a day
Bronze	11	Wyrm	21	+11	1	22d8+11	6th	50%	Innate: A bronze dragon has two breath weapons: a stroke of lightning 100' long and 5' side or a cloud of repulsion gas 20' long, 30' wide, and 30' high. Creatures caught in the gas must save vs. breath weapon or move away from the dragon for two minutes per age level of the dragon, plus 1-6 minutes. Creature caught in the lightning take damage, save vs. breath weapon for half. A bronze dragon casts its spells and uses its magical abilities at 8th level, plus its combat modifier. At birth, bronze dragons have a water breathing ability, can speak with animals at will, and are immune to electricity. As they age, they gain the following additional powers: | +Young: create food and water and polymorph self three times a day. (Each change in form lasts until the dragon chooses a different form. Reverting to the dragon's normal form does not count as a change.) | +Juvenile: wall of fog once a day | +Adult: ESP three times a day | +Mature adult: airy water three times a day in a 10' radius per age category of the dragon | +Old: weather summoning once a day
Bronze	12	Great Wyrm	22	+12	0	24d8+12	8th	55%	Innate: A bronze dragon has two breath weapons: a stroke of lightning 100' long and 5' side or a cloud of repulsion gas 20' long, 30' wide, and 30' high. Creatures caught in the gas must save vs. breath weapon or move away from the dragon for two minutes per age level of the dragon, plus 1-6 minutes. Creature caught in the lightning take damage, save vs. breath weapon for half. A bronze dragon casts its spells and uses its magical abilities at 8th level, plus its combat modifier. At birth, bronze dragons have a water breathing ability, can speak with animals at will, and are immune to electricity. As they age, they gain the following additional powers: | +Young: create food and water and polymorph self three times a day. (Each change in form lasts until the dragon chooses a different form. Reverting to the dragon's normal form does not count as a change.) | +Juvenile: wall of fog once a day | +Adult: ESP three times a day | +Mature adult: airy water three times a day in a 10' radius per age category of the dragon | +Old: weather summoning once a day
Copper	1	Hatchling	7	+1	15	2d6+1	None	Nil	Innate: A copper dragon's breath is either a cloud of slow gas 30' long, 20' wide, and 20' high or a spurt of acid 70' long and 5' wide. Creatures caught in the gas must save vs. breath weapon or be slowed for three minutes per age level of the dragon. Creatures caught in the acid take damage, save vs. breath weapon for half. A copper dragon cast its spells and uses its magical abilities at 7th level, plus its combat modifier. At birth, copper dragons can spider climb (stone surfaces only) and are immune to acid. As they age, they gain the following additional powers:
Copper	2	Very young	9	+2	13	4d6+2	None	Nil	Innate: A copper dragon's breath is either a cloud of slow gas 30' long, 20' wide, and 20' high or a spurt of acid 70' long and 5' wide. Creatures caught in the gas must save vs. breath weapon or be slowed for three minutes per age level of the dragon. Creatures caught in the acid take damage, save vs. breath weapon for half. A copper dragon cast its spells and uses its magical abilities at 7th level, plus its combat modifier. At birth, copper dragons can spider climb (stone surfaces only) and are immune to acid. As they age, they gain the following additional powers:
Copper	3	Young	11	+3	11	6d6+3	None	Nil	Innate: A copper dragon's breath is either a cloud of slow gas 30' long, 20' wide, and 20' high or a spurt of acid 70' long and 5' wide. Creatures caught in the gas must save vs. breath weapon or be slowed for three minutes per age level of the dragon. Creatures caught in the acid take damage, save vs. breath weapon for half. A copper dragon cast its spells and uses its magical abilities at 7th level, plus its combat modifier. At birth, copper dragons can spider climb (stone surfaces only) and are immune to acid. As they age, they gain the following additional powers: | +Young: neutralize poison three times a day
Copper	4	Juvenile	13	+4	9	8d6+4	1st	Nil	Innate: A copper dragon's breath is either a cloud of slow gas 30' long, 20' wide, and 20' high or a spurt of acid 70' long and 5' wide. Creatures caught in the gas must save vs. breath weapon or be slowed for three minutes per age level of the dragon. Creatures caught in the acid take damage, save vs. breath weapon for half. A copper dragon cast its spells and uses its magical abilities at 7th level, plus its combat modifier. At birth, copper dragons can spider climb (stone surfaces only) and are immune to acid. As they age, they gain the following additional powers: | +Young: neutralize poison three times a day | +Juvenile: stone shape twice a day
Copper	5	Young adult	14	+5	8	10d6+5	2nd	10%	Innate: A copper dragon's breath is either a cloud of slow gas 30' long, 20' wide, and 20' high or a spurt of acid 70' long and 5' wide. Creatures caught in the gas must save vs. breath weapon or be slowed for three minutes per age level of the dragon. Creatures caught in the acid take damage, save vs. breath weapon for half. A copper dragon cast its spells and uses its magical abilities at 7th level, plus its combat modifier. At birth, copper dragons can spider climb (stone surfaces only) and are immune to acid. As they age, they gain the following additional powers: | +Young: neutralize poison three times a day | +Juvenile: stone shape twice a day
Copper	6	Adult	15	+6	7	12d6+6	3rd	15%	Innate: A copper dragon's breath is either a cloud of slow gas 30' long, 20' wide, and 20' high or a spurt of acid 70' long and 5' wide. Creatures caught in the gas must save vs. breath weapon or be slowed for three minutes per age level of the dragon. Creatures caught in the acid take damage, save vs. breath weapon for half. A copper dragon cast its spells and uses its magical abilities at 7th level, plus its combat modifier. At birth, copper dragons can spider climb (stone surfaces only) and are immune to acid. As they age, they gain the following additional powers: | +Young: neutralize poison three times a day | +Juvenile: stone shape twice a day | +Adult: forget once a day
Copper	7	Mature adult	16	+7	6	14d6+7	2nd	20%	Innate: A copper dragon's breath is either a cloud of slow gas 30' long, 20' wide, and 20' high or a spurt of acid 70' long and 5' wide. Creatures caught in the gas must save vs. breath weapon or be slowed for three minutes per age level of the dragon. Creatures caught in the acid take damage, save vs. breath weapon for half. A copper dragon cast its spells and uses its magical abilities at 7th level, plus its combat modifier. At birth, copper dragons can spider climb (stone surfaces only) and are immune to acid. As they age, they gain the following additional powers: | +Young: neutralize poison three times a day | +Juvenile: stone shape twice a day | +Adult: forget once a day | +Mature adult: rock to mud once a day
Copper	8	Old	17	+8	5	16d6+8	3rd	25%	Innate: A copper dragon's breath is either a cloud of slow gas 30' long, 20' wide, and 20' high or a spurt of acid 70' long and 5' wide. Creatures caught in the gas must save vs. breath weapon or be slowed for three minutes per age level of the dragon. Creatures caught in the acid take damage, save vs. breath weapon for half. A copper dragon cast its spells and uses its magical abilities at 7th level, plus its combat modifier. At birth, copper dragons can spider climb (stone surfaces only) and are immune to acid. As they age, they gain the following additional powers: | +Young: neutralize poison three times a day | +Juvenile: stone shape twice a day | +Adult: forget once a day | +Mature adult: rock to mud once a day | +Old: move earth once a day
Copper	9	Very old	18	+9	4	18d6+9	3rd	30%	Innate: A copper dragon's breath is either a cloud of slow gas 30' long, 20' wide, and 20' high or a spurt of acid 70' long and 5' wide. Creatures caught in the gas must save vs. breath weapon or be slowed for three minutes per age level of the dragon. Creatures caught in the acid take damage, save vs. breath weapon for half. A copper dragon cast its spells and uses its magical abilities at 7th level, plus its combat modifier. At birth, copper dragons can spider climb (stone surfaces only) and are immune to acid. As they age, they gain the following additional powers: | +Young: neutralize poison three times a day | +Juvenile: stone shape twice a day | +Adult: forget once a day | +Mature adult: rock to mud once a day | +Old: move earth once a day
Copper	10	Venerable	19	+10	3	20d6+10	4th	35%	Innate: A copper dragon's breath is either a cloud of slow gas 30' long, 20' wide, and 20' high or a spurt of acid 70' long and 5' wide. Creatures caught in the gas must save vs. breath weapon or be slowed for three minutes per age level of the dragon. Creatures caught in the acid take damage, save vs. breath weapon for half. A copper dragon cast its spells and uses its magical abilities at 7th level, plus its combat modifier. At birth, copper dragons can spider climb (stone surfaces only) and are immune to acid. As they age, they gain the following additional powers: | +Young: neutralize poison three times a day | +Juvenile: stone shape twice a day | +Adult: forget once a day | +Mature adult: rock to mud once a day | +Old: move earth once a day
Copper	11	Wyrm	20	+11	2	22d6+11	5th	40%	Innate: A copper dragon's breath is either a cloud of slow gas 30' long, 20' wide, and 20' high or a spurt of acid 70' long and 5' wide. Creatures caught in the gas must save vs. breath weapon or be slowed for three minutes per age level of the dragon. Creatures caught in the acid take damage, save vs. breath weapon for half. A copper dragon cast its spells and uses its magical abilities at 7th level, plus its combat modifier. At birth, copper dragons can spider climb (stone surfaces only) and are immune to acid. As they age, they gain the following additional powers: | +Young: neutralize poison three times a day | +Juvenile: stone shape twice a day | +Adult: forget once a day | +Mature adult: rock to mud once a day | +Old: move earth once a day
Copper	12	Great Wyrm	21	+12	1	24d6+12	6th	45%	Innate: A copper dragon's breath is either a cloud of slow gas 30' long, 20' wide, and 20' high or a spurt of acid 70' long and 5' wide. Creatures caught in the gas must save vs. breath weapon or be slowed for three minutes per age level of the dragon. Creatures caught in the acid take damage, save vs. breath weapon for half. A copper dragon cast its spells and uses its magical abilities at 7th level, plus its combat modifier. At birth, copper dragons can spider climb (stone surfaces only) and are immune to acid. As they age, they gain the following additional powers: | +Young: neutralize poison three times a day | +Juvenile: stone shape twice a day | +Adult: forget once a day | +Mature adult: rock to mud once a day | +Old: move earth once a day | +Great Wyrm: wall of stone once a day. A copper dragon can jump 30 yards forward or sideways, reaching heights up to 20' at mid jump. They can jump 30' straight up
Gold	1	Hatchling	10	+1	11	2d12+1	None	Nil	None listed in age table text.
Gold	2	Very young	12	+2	9	4d12+2	None	Nil	None listed in age table text.
Gold	3	Young	14	+3	7	6d12+3	None	Nil	None listed in age table text.
Gold	4	Juvenile	16	+4	5	8d12+4	1st	Nil	None listed in age table text.
Gold	5	Young adult	17	+5	4	10d12+5	2nd	35%	None listed in age table text.
Gold	6	Adult	18	+6	3	12d12+6	2nd	40%	None listed in age table text.
Gold	7	Mature adult	19	+7	2	14d12+7	3rd	45%	None listed in age table text.
Gold	8	Old	20	+8	1	16d12+8	5th	50%	None listed in age table text.
Gold	9	Very old	21	+9	0	18d12+9	6th	55%	None listed in age table text.
Gold	10	Venerable	22	+10	-1	20d12+102	7th	60%	None listed in age table text.
Gold	11	Wyrm	23	+11	-2	22d12+112	9th	65%	None listed in age table text.
Gold	12	Great Wyrm	24	+12	-3	24d12+122	11th	70%	None listed in age table text.
Silver	1	Hatchling	9	+1	11	2d10+1	None	Nil	None listed in age table text.
Silver	2	Very young	11	+2	9	4d10+2	None	Nil	None listed in age table text.
Silver	3	Young	13	+3	7	6d10+3	None	Nil	None listed in age table text.
Silver	4	Juvenile	15	+4	5	8d10+4	2nd	Nil	None listed in age table text.
Silver	5	Young adult	16	+5	4	10d10+5	2nd	25%	None listed in age table text.
Silver	6	Adult	17	+6	3	12d10+6	3rd	30%	None listed in age table text.
Silver	7	Mature adult	18	+7	2	14d10+7	3rd	35%	None listed in age table text.
Silver	8	Old	19	+8	1	16d10+8	5th	40%	None listed in age table text.
Silver	9	Very old	20	+9	0	18d10+9	5th	45%	None listed in age table text.
Silver	10	Venerable	21	+10	-1	20d10+102	7th	50%	None listed in age table text.
Silver	11	Wyrm	22	+11	-2	22d10+112	7th	55%	None listed in age table text.
Silver	12	Great Wyrm	23	+12	-3	24d10+122	9th	60%	None listed in age table text.
Amethyst	1	Hatchling	8	+1	13	2d8+1	None	Nil	Innate: An amethyst dragon's breath weapon is a faceted, violet lozenge, which it can spit into the midst of enemies, up to 75 feet away. The lozenge explodes with concussive force, causing the indicated damage to all creatures within 60' of the impact (save vs. breath weapon for half damage). In addition, all creatures size huge and smaller must save vs. paralyzation or be knocked down. Any creature taking damage from the blast has a 50% chance of being knocked unconscious for one round per age level of the dragon, plus 1d8 rounds. An amethyst dragon casts spells and uses its magical abilities at 9th level, plus its combat modifier. Amethyst dragons are born with an innate water breathing ability and an immunity to poisons. They are also immune to force attacks and effects, such as those from beads of force, Bigby's hand spells, wall of force, and Otiluke's resilient sphere. As they age, they gain the following additional powers:
Amethyst	2	Very young	10	+2	11	4d8+2	None	Nil	Innate: An amethyst dragon's breath weapon is a faceted, violet lozenge, which it can spit into the midst of enemies, up to 75 feet away. The lozenge explodes with concussive force, causing the indicated damage to all creatures within 60' of the impact (save vs. breath weapon for half damage). In addition, all creatures size huge and smaller must save vs. paralyzation or be knocked down. Any creature taking damage from the blast has a 50% chance of being knocked unconscious for one round per age level of the dragon, plus 1d8 rounds. An amethyst dragon casts spells and uses its magical abilities at 9th level, plus its combat modifier. Amethyst dragons are born with an innate water breathing ability and an immunity to poisons. They are also immune to force attacks and effects, such as those from beads of force, Bigby's hand spells, wall of force, and Otiluke's resilient sphere. As they age, they gain the following additional powers:
Amethyst	3	Young	12	+3	9	6d8+3	None	Nil	Innate: An amethyst dragon's breath weapon is a faceted, violet lozenge, which it can spit into the midst of enemies, up to 75 feet away. The lozenge explodes with concussive force, causing the indicated damage to all creatures within 60' of the impact (save vs. breath weapon for half damage). In addition, all creatures size huge and smaller must save vs. paralyzation or be knocked down. Any creature taking damage from the blast has a 50% chance of being knocked unconscious for one round per age level of the dragon, plus 1d8 rounds. An amethyst dragon casts spells and uses its magical abilities at 9th level, plus its combat modifier. Amethyst dragons are born with an innate water breathing ability and an immunity to poisons. They are also immune to force attacks and effects, such as those from beads of force, Bigby's hand spells, wall of force, and Otiluke's resilient sphere. As they age, they gain the following additional powers: | +Young: water walking six times a day
Amethyst	4	Juvenile	14	+4	7	8d8+4	1st	Nil	Innate: An amethyst dragon's breath weapon is a faceted, violet lozenge, which it can spit into the midst of enemies, up to 75 feet away. The lozenge explodes with concussive force, causing the indicated damage to all creatures within 60' of the impact (save vs. breath weapon for half damage). In addition, all creatures size huge and smaller must save vs. paralyzation or be knocked down. Any creature taking damage from the blast has a 50% chance of being knocked unconscious for one round per age level of the dragon, plus 1d8 rounds. An amethyst dragon casts spells and uses its magical abilities at 9th level, plus its combat modifier. Amethyst dragons are born with an innate water breathing ability and an immunity to poisons. They are also immune to force attacks and effects, such as those from beads of force, Bigby's hand spells, wall of force, and Otiluke's resilient sphere. As they age, they gain the following additional powers: | +Young: water walking six times a day | +Juvenile: neutralize poison six times a day
Amethyst	5	Young adult	15	+5	6	10d8+5	2nd	25%	Innate: An amethyst dragon's breath weapon is a faceted, violet lozenge, which it can spit into the midst of enemies, up to 75 feet away. The lozenge explodes with concussive force, causing the indicated damage to all creatures within 60' of the impact (save vs. breath weapon for half damage). In addition, all creatures size huge and smaller must save vs. paralyzation or be knocked down. Any creature taking damage from the blast has a 50% chance of being knocked unconscious for one round per age level of the dragon, plus 1d8 rounds. An amethyst dragon casts spells and uses its magical abilities at 9th level, plus its combat modifier. Amethyst dragons are born with an innate water breathing ability and an immunity to poisons. They are also immune to force attacks and effects, such as those from beads of force, Bigby's hand spells, wall of force, and Otiluke's resilient sphere. As they age, they gain the following additional powers: | +Young: water walking six times a day | +Juvenile: neutralize poison six times a day
Amethyst	6	Adult	16	+6	5	12d8+6	3rd	30%	Innate: An amethyst dragon's breath weapon is a faceted, violet lozenge, which it can spit into the midst of enemies, up to 75 feet away. The lozenge explodes with concussive force, causing the indicated damage to all creatures within 60' of the impact (save vs. breath weapon for half damage). In addition, all creatures size huge and smaller must save vs. paralyzation or be knocked down. Any creature taking damage from the blast has a 50% chance of being knocked unconscious for one round per age level of the dragon, plus 1d8 rounds. An amethyst dragon casts spells and uses its magical abilities at 9th level, plus its combat modifier. Amethyst dragons are born with an innate water breathing ability and an immunity to poisons. They are also immune to force attacks and effects, such as those from beads of force, Bigby's hand spells, wall of force, and Otiluke's resilient sphere. As they age, they gain the following additional powers: | +Young: water walking six times a day | +Juvenile: neutralize poison six times a day | +Adult: shape change, as a druid, into a reptile, bird, or mammal, three times a day, with each form usable only once per day
Amethyst	7	Mature adult	17	+7	4	14d8+7	5th	35%	Innate: An amethyst dragon's breath weapon is a faceted, violet lozenge, which it can spit into the midst of enemies, up to 75 feet away. The lozenge explodes with concussive force, causing the indicated damage to all creatures within 60' of the impact (save vs. breath weapon for half damage). In addition, all creatures size huge and smaller must save vs. paralyzation or be knocked down. Any creature taking damage from the blast has a 50% chance of being knocked unconscious for one round per age level of the dragon, plus 1d8 rounds. An amethyst dragon casts spells and uses its magical abilities at 9th level, plus its combat modifier. Amethyst dragons are born with an innate water breathing ability and an immunity to poisons. They are also immune to force attacks and effects, such as those from beads of force, Bigby's hand spells, wall of force, and Otiluke's resilient sphere. As they age, they gain the following additional powers: | +Young: water walking six times a day | +Juvenile: neutralize poison six times a day | +Adult: shape change, as a druid, into a reptile, bird, or mammal, three times a day, with each form usable only once per day
Amethyst	8	Old	18	+8	3	16d8+8	6th	40%	Innate: An amethyst dragon's breath weapon is a faceted, violet lozenge, which it can spit into the midst of enemies, up to 75 feet away. The lozenge explodes with concussive force, causing the indicated damage to all creatures within 60' of the impact (save vs. breath weapon for half damage). In addition, all creatures size huge and smaller must save vs. paralyzation or be knocked down. Any creature taking damage from the blast has a 50% chance of being knocked unconscious for one round per age level of the dragon, plus 1d8 rounds. An amethyst dragon casts spells and uses its magical abilities at 9th level, plus its combat modifier. Amethyst dragons are born with an innate water breathing ability and an immunity to poisons. They are also immune to force attacks and effects, such as those from beads of force, Bigby's hand spells, wall of force, and Otiluke's resilient sphere. As they age, they gain the following additional powers: | +Young: water walking six times a day | +Juvenile: neutralize poison six times a day | +Adult: shape change, as a druid, into a reptile, bird, or mammal, three times a day, with each form usable only once per day | +Old: otiluke's resilient sphere three times a day
Amethyst	9	Very old	19	+9	2	18d8+9	8th	45%	Innate: An amethyst dragon's breath weapon is a faceted, violet lozenge, which it can spit into the midst of enemies, up to 75 feet away. The lozenge explodes with concussive force, causing the indicated damage to all creatures within 60' of the impact (save vs. breath weapon for half damage). In addition, all creatures size huge and smaller must save vs. paralyzation or be knocked down. Any creature taking damage from the blast has a 50% chance of being knocked unconscious for one round per age level of the dragon, plus 1d8 rounds. An amethyst dragon casts spells and uses its magical abilities at 9th level, plus its combat modifier. Amethyst dragons are born with an innate water breathing ability and an immunity to poisons. They are also immune to force attacks and effects, such as those from beads of force, Bigby's hand spells, wall of force, and Otiluke's resilient sphere. As they age, they gain the following additional powers: | +Young: water walking six times a day | +Juvenile: neutralize poison six times a day | +Adult: shape change, as a druid, into a reptile, bird, or mammal, three times a day, with each form usable only once per day | +Old: otiluke's resilient sphere three times a day | +Very old: reflecting pool once a day
Amethyst	10	Venerable	20	+10	1	20d8+10	10th	50%	Innate: An amethyst dragon's breath weapon is a faceted, violet lozenge, which it can spit into the midst of enemies, up to 75 feet away. The lozenge explodes with concussive force, causing the indicated damage to all creatures within 60' of the impact (save vs. breath weapon for half damage). In addition, all creatures size huge and smaller must save vs. paralyzation or be knocked down. Any creature taking damage from the blast has a 50% chance of being knocked unconscious for one round per age level of the dragon, plus 1d8 rounds. An amethyst dragon casts spells and uses its magical abilities at 9th level, plus its combat modifier. Amethyst dragons are born with an innate water breathing ability and an immunity to poisons. They are also immune to force attacks and effects, such as those from beads of force, Bigby's hand spells, wall of force, and Otiluke's resilient sphere. As they age, they gain the following additional powers: | +Young: water walking six times a day | +Juvenile: neutralize poison six times a day | +Adult: shape change, as a druid, into a reptile, bird, or mammal, three times a day, with each form usable only once per day | +Old: otiluke's resilient sphere three times a day | +Very old: reflecting pool once a day | +Venerable: control weather once a day
Amethyst	11	Wyrm	21	+11	0	22d8+11	11th	55%	Innate: An amethyst dragon's breath weapon is a faceted, violet lozenge, which it can spit into the midst of enemies, up to 75 feet away. The lozenge explodes with concussive force, causing the indicated damage to all creatures within 60' of the impact (save vs. breath weapon for half damage). In addition, all creatures size huge and smaller must save vs. paralyzation or be knocked down. Any creature taking damage from the blast has a 50% chance of being knocked unconscious for one round per age level of the dragon, plus 1d8 rounds. An amethyst dragon casts spells and uses its magical abilities at 9th level, plus its combat modifier. Amethyst dragons are born with an innate water breathing ability and an immunity to poisons. They are also immune to force attacks and effects, such as those from beads of force, Bigby's hand spells, wall of force, and Otiluke's resilient sphere. As they age, they gain the following additional powers: | +Young: water walking six times a day | +Juvenile: neutralize poison six times a day | +Adult: shape change, as a druid, into a reptile, bird, or mammal, three times a day, with each form usable only once per day | +Old: otiluke's resilient sphere three times a day | +Very old: reflecting pool once a day | +Venerable: control weather once a day
Amethyst	12	Great Wyrm	22	+12	-1	24d8+12	12th	60%	Innate: An amethyst dragon's breath weapon is a faceted, violet lozenge, which it can spit into the midst of enemies, up to 75 feet away. The lozenge explodes with concussive force, causing the indicated damage to all creatures within 60' of the impact (save vs. breath weapon for half damage). In addition, all creatures size huge and smaller must save vs. paralyzation or be knocked down. Any creature taking damage from the blast has a 50% chance of being knocked unconscious for one round per age level of the dragon, plus 1d8 rounds. An amethyst dragon casts spells and uses its magical abilities at 9th level, plus its combat modifier. Amethyst dragons are born with an innate water breathing ability and an immunity to poisons. They are also immune to force attacks and effects, such as those from beads of force, Bigby's hand spells, wall of force, and Otiluke's resilient sphere. As they age, they gain the following additional powers: | +Young: water walking six times a day | +Juvenile: neutralize poison six times a day | +Adult: shape change, as a druid, into a reptile, bird, or mammal, three times a day, with each form usable only once per day | +Old: otiluke's resilient sphere three times a day | +Very old: reflecting pool once a day | +Venerable: control weather once a day
Crystal	1	Hatchling	4	+1	17	1d4+1	None	Nil	Innate: This dragon's breath weapon is a cone of glowing shards; the cone is 60 feet long, 5 feet wide at the dragon's mouth, and 25 feet wide at the base. Creatures caught in the blast can save vs. breath weapon for half damage, and must make a second saving throw vs. breath weapon or be blinded by the dazzling shards for one turn per age level of the dragon. The shards shine as bright as daylight, and can be seen for miles. Creatures within 60 feet must save vs. breath weapon or be dazzled, incurring a penalty of -2 to attack rolls for one turn per age level of the dragon. A crystal dragon casts spells and uses magical abilities at 5th level, plus its combat modifier. Crystal dragons are born immune to light-based attacks and normal cold, and able to cast charm person at will. As they age, they gain these additional powers:
Crystal	2	Very young	6	+2	15	2d4+2	None	Nil	Innate: This dragon's breath weapon is a cone of glowing shards; the cone is 60 feet long, 5 feet wide at the dragon's mouth, and 25 feet wide at the base. Creatures caught in the blast can save vs. breath weapon for half damage, and must make a second saving throw vs. breath weapon or be blinded by the dazzling shards for one turn per age level of the dragon. The shards shine as bright as daylight, and can be seen for miles. Creatures within 60 feet must save vs. breath weapon or be dazzled, incurring a penalty of -2 to attack rolls for one turn per age level of the dragon. A crystal dragon casts spells and uses magical abilities at 5th level, plus its combat modifier. Crystal dragons are born immune to light-based attacks and normal cold, and able to cast charm person at will. As they age, they gain these additional powers:
Crystal	3	Young	8	+3	13	3d4+3	None	Nil	Innate: This dragon's breath weapon is a cone of glowing shards; the cone is 60 feet long, 5 feet wide at the dragon's mouth, and 25 feet wide at the base. Creatures caught in the blast can save vs. breath weapon for half damage, and must make a second saving throw vs. breath weapon or be blinded by the dazzling shards for one turn per age level of the dragon. The shards shine as bright as daylight, and can be seen for miles. Creatures within 60 feet must save vs. breath weapon or be dazzled, incurring a penalty of -2 to attack rolls for one turn per age level of the dragon. A crystal dragon casts spells and uses magical abilities at 5th level, plus its combat modifier. Crystal dragons are born immune to light-based attacks and normal cold, and able to cast charm person at will. As they age, they gain these additional powers:
Crystal	4	Juvenile	10	+4	11	4d4+4	1st	Nil	Innate: This dragon's breath weapon is a cone of glowing shards; the cone is 60 feet long, 5 feet wide at the dragon's mouth, and 25 feet wide at the base. Creatures caught in the blast can save vs. breath weapon for half damage, and must make a second saving throw vs. breath weapon or be blinded by the dazzling shards for one turn per age level of the dragon. The shards shine as bright as daylight, and can be seen for miles. Creatures within 60 feet must save vs. breath weapon or be dazzled, incurring a penalty of -2 to attack rolls for one turn per age level of the dragon. A crystal dragon casts spells and uses magical abilities at 5th level, plus its combat modifier. Crystal dragons are born immune to light-based attacks and normal cold, and able to cast charm person at will. As they age, they gain these additional powers: | +Juvenile: color spray three times a day
Crystal	5	Young adult	11	+5	10	5d4+5	2nd	5%	Innate: This dragon's breath weapon is a cone of glowing shards; the cone is 60 feet long, 5 feet wide at the dragon's mouth, and 25 feet wide at the base. Creatures caught in the blast can save vs. breath weapon for half damage, and must make a second saving throw vs. breath weapon or be blinded by the dazzling shards for one turn per age level of the dragon. The shards shine as bright as daylight, and can be seen for miles. Creatures within 60 feet must save vs. breath weapon or be dazzled, incurring a penalty of -2 to attack rolls for one turn per age level of the dragon. A crystal dragon casts spells and uses magical abilities at 5th level, plus its combat modifier. Crystal dragons are born immune to light-based attacks and normal cold, and able to cast charm person at will. As they age, they gain these additional powers: | +Juvenile: color spray three times a day
Crystal	6	Adult	12	+6	9	6d4+6	3rd	10%	Innate: This dragon's breath weapon is a cone of glowing shards; the cone is 60 feet long, 5 feet wide at the dragon's mouth, and 25 feet wide at the base. Creatures caught in the blast can save vs. breath weapon for half damage, and must make a second saving throw vs. breath weapon or be blinded by the dazzling shards for one turn per age level of the dragon. The shards shine as bright as daylight, and can be seen for miles. Creatures within 60 feet must save vs. breath weapon or be dazzled, incurring a penalty of -2 to attack rolls for one turn per age level of the dragon. A crystal dragon casts spells and uses magical abilities at 5th level, plus its combat modifier. Crystal dragons are born immune to light-based attacks and normal cold, and able to cast charm person at will. As they age, they gain these additional powers: | +Juvenile: color spray three times a day
Crystal	7	Mature adult	13	+7	8	7d4+7	4th	15%	Innate: This dragon's breath weapon is a cone of glowing shards; the cone is 60 feet long, 5 feet wide at the dragon's mouth, and 25 feet wide at the base. Creatures caught in the blast can save vs. breath weapon for half damage, and must make a second saving throw vs. breath weapon or be blinded by the dazzling shards for one turn per age level of the dragon. The shards shine as bright as daylight, and can be seen for miles. Creatures within 60 feet must save vs. breath weapon or be dazzled, incurring a penalty of -2 to attack rolls for one turn per age level of the dragon. A crystal dragon casts spells and uses magical abilities at 5th level, plus its combat modifier. Crystal dragons are born immune to light-based attacks and normal cold, and able to cast charm person at will. As they age, they gain these additional powers: | +Juvenile: color spray three times a day | +Mature adult: suggestion three times a day
Crystal	8	Old	14	+8	7	8d4+8	5th	20%	Innate: This dragon's breath weapon is a cone of glowing shards; the cone is 60 feet long, 5 feet wide at the dragon's mouth, and 25 feet wide at the base. Creatures caught in the blast can save vs. breath weapon for half damage, and must make a second saving throw vs. breath weapon or be blinded by the dazzling shards for one turn per age level of the dragon. The shards shine as bright as daylight, and can be seen for miles. Creatures within 60 feet must save vs. breath weapon or be dazzled, incurring a penalty of -2 to attack rolls for one turn per age level of the dragon. A crystal dragon casts spells and uses magical abilities at 5th level, plus its combat modifier. Crystal dragons are born immune to light-based attacks and normal cold, and able to cast charm person at will. As they age, they gain these additional powers: | +Juvenile: color spray three times a day | +Mature adult: suggestion three times a day
Crystal	9	Very old	15	+9	6	9d4+9	6th	25%	Innate: This dragon's breath weapon is a cone of glowing shards; the cone is 60 feet long, 5 feet wide at the dragon's mouth, and 25 feet wide at the base. Creatures caught in the blast can save vs. breath weapon for half damage, and must make a second saving throw vs. breath weapon or be blinded by the dazzling shards for one turn per age level of the dragon. The shards shine as bright as daylight, and can be seen for miles. Creatures within 60 feet must save vs. breath weapon or be dazzled, incurring a penalty of -2 to attack rolls for one turn per age level of the dragon. A crystal dragon casts spells and uses magical abilities at 5th level, plus its combat modifier. Crystal dragons are born immune to light-based attacks and normal cold, and able to cast charm person at will. As they age, they gain these additional powers: | +Juvenile: color spray three times a day | +Mature adult: suggestion three times a day | +Very old: luckscale once a day. This allows the dragon to enchant one of its scales as a stone of good luck. The enchantment lasts one hour per age category of the dragon. Such scales are given to friendly visitors
Crystal	10	Venerable	16	+10	5	10d4+10	7th	30%	Innate: This dragon's breath weapon is a cone of glowing shards; the cone is 60 feet long, 5 feet wide at the dragon's mouth, and 25 feet wide at the base. Creatures caught in the blast can save vs. breath weapon for half damage, and must make a second saving throw vs. breath weapon or be blinded by the dazzling shards for one turn per age level of the dragon. The shards shine as bright as daylight, and can be seen for miles. Creatures within 60 feet must save vs. breath weapon or be dazzled, incurring a penalty of -2 to attack rolls for one turn per age level of the dragon. A crystal dragon casts spells and uses magical abilities at 5th level, plus its combat modifier. Crystal dragons are born immune to light-based attacks and normal cold, and able to cast charm person at will. As they age, they gain these additional powers: | +Juvenile: color spray three times a day | +Mature adult: suggestion three times a day | +Very old: luckscale once a day. This allows the dragon to enchant one of its scales as a stone of good luck. The enchantment lasts one hour per age category of the dragon. Such scales are given to friendly visitors
Crystal	11	Wyrm	17	+11	4	11d4+11	7th	35%	Innate: This dragon's breath weapon is a cone of glowing shards; the cone is 60 feet long, 5 feet wide at the dragon's mouth, and 25 feet wide at the base. Creatures caught in the blast can save vs. breath weapon for half damage, and must make a second saving throw vs. breath weapon or be blinded by the dazzling shards for one turn per age level of the dragon. The shards shine as bright as daylight, and can be seen for miles. Creatures within 60 feet must save vs. breath weapon or be dazzled, incurring a penalty of -2 to attack rolls for one turn per age level of the dragon. A crystal dragon casts spells and uses magical abilities at 5th level, plus its combat modifier. Crystal dragons are born immune to light-based attacks and normal cold, and able to cast charm person at will. As they age, they gain these additional powers: | +Juvenile: color spray three times a day | +Mature adult: suggestion three times a day | +Very old: luckscale once a day. This allows the dragon to enchant one of its scales as a stone of good luck. The enchantment lasts one hour per age category of the dragon. Such scales are given to friendly visitors | +Wyrm: control winds three times a day
Crystal	12	Great Wyrm	18	+12	3	12d4+12	7th	40%	Innate: This dragon's breath weapon is a cone of glowing shards; the cone is 60 feet long, 5 feet wide at the dragon's mouth, and 25 feet wide at the base. Creatures caught in the blast can save vs. breath weapon for half damage, and must make a second saving throw vs. breath weapon or be blinded by the dazzling shards for one turn per age level of the dragon. The shards shine as bright as daylight, and can be seen for miles. Creatures within 60 feet must save vs. breath weapon or be dazzled, incurring a penalty of -2 to attack rolls for one turn per age level of the dragon. A crystal dragon casts spells and uses magical abilities at 5th level, plus its combat modifier. Crystal dragons are born immune to light-based attacks and normal cold, and able to cast charm person at will. As they age, they gain these additional powers: | +Juvenile: color spray three times a day | +Mature adult: suggestion three times a day | +Very old: luckscale once a day. This allows the dragon to enchant one of its scales as a stone of good luck. The enchantment lasts one hour per age category of the dragon. Such scales are given to friendly visitors | +Wyrm: control winds three times a day
Emerald	1	Hatchling	6	+1	15	2d4+1	None	Nil	Innate: An emerald dragon's breath weapon is a loud, keening wail which sets up a sonic vibration affecting all creatures within 120 feet of the dragon's mouth. Those in the area can save vs. breath weapons for half damage from the painful vibrations. Victims must make a second saving throw vs. breath weapon or be stunned, unable to defend or attack, for three rounds per age level of the dragon, plus 1d4 rounds. Those who successfully save are deafened and disoriented instead, for a like amount of time, and at -1 to attack rolls. Deafness does not protect one from vibratory damage, but pre-vents stunning or additional deafness. An emerald dragon casts spells and uses its magical abilities at 6th level, plus its combat modifier. Emerald dragons are born with an innate flame walk ability and an immunity to sound-based attacks. As they age, they gain the following additional powers:
Emerald	2	Very young	8	+2	13	4d4+2	None	Nil	Innate: An emerald dragon's breath weapon is a loud, keening wail which sets up a sonic vibration affecting all creatures within 120 feet of the dragon's mouth. Those in the area can save vs. breath weapons for half damage from the painful vibrations. Victims must make a second saving throw vs. breath weapon or be stunned, unable to defend or attack, for three rounds per age level of the dragon, plus 1d4 rounds. Those who successfully save are deafened and disoriented instead, for a like amount of time, and at -1 to attack rolls. Deafness does not protect one from vibratory damage, but pre-vents stunning or additional deafness. An emerald dragon casts spells and uses its magical abilities at 6th level, plus its combat modifier. Emerald dragons are born with an innate flame walk ability and an immunity to sound-based attacks. As they age, they gain the following additional powers:
Emerald	3	Young	10	+3	11	6d4+3	None	Nil	Innate: An emerald dragon's breath weapon is a loud, keening wail which sets up a sonic vibration affecting all creatures within 120 feet of the dragon's mouth. Those in the area can save vs. breath weapons for half damage from the painful vibrations. Victims must make a second saving throw vs. breath weapon or be stunned, unable to defend or attack, for three rounds per age level of the dragon, plus 1d4 rounds. Those who successfully save are deafened and disoriented instead, for a like amount of time, and at -1 to attack rolls. Deafness does not protect one from vibratory damage, but pre-vents stunning or additional deafness. An emerald dragon casts spells and uses its magical abilities at 6th level, plus its combat modifier. Emerald dragons are born with an innate flame walk ability and an immunity to sound-based attacks. As they age, they gain the following additional powers: | +Young: audible glamer three times a day
Emerald	4	Juvenile	12	+4	9	8d4+4	1st	Nil	Innate: An emerald dragon's breath weapon is a loud, keening wail which sets up a sonic vibration affecting all creatures within 120 feet of the dragon's mouth. Those in the area can save vs. breath weapons for half damage from the painful vibrations. Victims must make a second saving throw vs. breath weapon or be stunned, unable to defend or attack, for three rounds per age level of the dragon, plus 1d4 rounds. Those who successfully save are deafened and disoriented instead, for a like amount of time, and at -1 to attack rolls. Deafness does not protect one from vibratory damage, but pre-vents stunning or additional deafness. An emerald dragon casts spells and uses its magical abilities at 6th level, plus its combat modifier. Emerald dragons are born with an innate flame walk ability and an immunity to sound-based attacks. As they age, they gain the following additional powers: | +Young: audible glamer three times a day | +Juvenile: hypnotism three times a day
Emerald	5	Young adult	13	+5	8	10d4+5	2nd	15%	Innate: An emerald dragon's breath weapon is a loud, keening wail which sets up a sonic vibration affecting all creatures within 120 feet of the dragon's mouth. Those in the area can save vs. breath weapons for half damage from the painful vibrations. Victims must make a second saving throw vs. breath weapon or be stunned, unable to defend or attack, for three rounds per age level of the dragon, plus 1d4 rounds. Those who successfully save are deafened and disoriented instead, for a like amount of time, and at -1 to attack rolls. Deafness does not protect one from vibratory damage, but pre-vents stunning or additional deafness. An emerald dragon casts spells and uses its magical abilities at 6th level, plus its combat modifier. Emerald dragons are born with an innate flame walk ability and an immunity to sound-based attacks. As they age, they gain the following additional powers: | +Young: audible glamer three times a day | +Juvenile: hypnotism three times a day
Emerald	6	Adult	14	+6	7	12d4+6	3rd	20%	Innate: An emerald dragon's breath weapon is a loud, keening wail which sets up a sonic vibration affecting all creatures within 120 feet of the dragon's mouth. Those in the area can save vs. breath weapons for half damage from the painful vibrations. Victims must make a second saving throw vs. breath weapon or be stunned, unable to defend or attack, for three rounds per age level of the dragon, plus 1d4 rounds. Those who successfully save are deafened and disoriented instead, for a like amount of time, and at -1 to attack rolls. Deafness does not protect one from vibratory damage, but pre-vents stunning or additional deafness. An emerald dragon casts spells and uses its magical abilities at 6th level, plus its combat modifier. Emerald dragons are born with an innate flame walk ability and an immunity to sound-based attacks. As they age, they gain the following additional powers: | +Young: audible glamer three times a day | +Juvenile: hypnotism three times a day | +Adult: Melf's minute meteors three times a day
Emerald	7	Mature adult	15	+7	6	14d4+7	4th	25%	Innate: An emerald dragon's breath weapon is a loud, keening wail which sets up a sonic vibration affecting all creatures within 120 feet of the dragon's mouth. Those in the area can save vs. breath weapons for half damage from the painful vibrations. Victims must make a second saving throw vs. breath weapon or be stunned, unable to defend or attack, for three rounds per age level of the dragon, plus 1d4 rounds. Those who successfully save are deafened and disoriented instead, for a like amount of time, and at -1 to attack rolls. Deafness does not protect one from vibratory damage, but pre-vents stunning or additional deafness. An emerald dragon casts spells and uses its magical abilities at 6th level, plus its combat modifier. Emerald dragons are born with an innate flame walk ability and an immunity to sound-based attacks. As they age, they gain the following additional powers: | +Young: audible glamer three times a day | +Juvenile: hypnotism three times a day | +Adult: Melf's minute meteors three times a day | +Mature adult: hold person three times a day
Emerald	8	Old	16	+8	5	16d4+8	5th	30%	Innate: An emerald dragon's breath weapon is a loud, keening wail which sets up a sonic vibration affecting all creatures within 120 feet of the dragon's mouth. Those in the area can save vs. breath weapons for half damage from the painful vibrations. Victims must make a second saving throw vs. breath weapon or be stunned, unable to defend or attack, for three rounds per age level of the dragon, plus 1d4 rounds. Those who successfully save are deafened and disoriented instead, for a like amount of time, and at -1 to attack rolls. Deafness does not protect one from vibratory damage, but pre-vents stunning or additional deafness. An emerald dragon casts spells and uses its magical abilities at 6th level, plus its combat modifier. Emerald dragons are born with an innate flame walk ability and an immunity to sound-based attacks. As they age, they gain the following additional powers: | +Young: audible glamer three times a day | +Juvenile: hypnotism three times a day | +Adult: Melf's minute meteors three times a day | +Mature adult: hold person three times a day
Emerald	9	Very old	17	+9	4	18d4+9	6th	35%	Innate: An emerald dragon's breath weapon is a loud, keening wail which sets up a sonic vibration affecting all creatures within 120 feet of the dragon's mouth. Those in the area can save vs. breath weapons for half damage from the painful vibrations. Victims must make a second saving throw vs. breath weapon or be stunned, unable to defend or attack, for three rounds per age level of the dragon, plus 1d4 rounds. Those who successfully save are deafened and disoriented instead, for a like amount of time, and at -1 to attack rolls. Deafness does not protect one from vibratory damage, but pre-vents stunning or additional deafness. An emerald dragon casts spells and uses its magical abilities at 6th level, plus its combat modifier. Emerald dragons are born with an innate flame walk ability and an immunity to sound-based attacks. As they age, they gain the following additional powers: | +Young: audible glamer three times a day | +Juvenile: hypnotism three times a day | +Adult: Melf's minute meteors three times a day | +Mature adult: hold person three times a day
Emerald	10	Venerable	18	+10	3	20d4+10	6th	40%	Innate: An emerald dragon's breath weapon is a loud, keening wail which sets up a sonic vibration affecting all creatures within 120 feet of the dragon's mouth. Those in the area can save vs. breath weapons for half damage from the painful vibrations. Victims must make a second saving throw vs. breath weapon or be stunned, unable to defend or attack, for three rounds per age level of the dragon, plus 1d4 rounds. Those who successfully save are deafened and disoriented instead, for a like amount of time, and at -1 to attack rolls. Deafness does not protect one from vibratory damage, but pre-vents stunning or additional deafness. An emerald dragon casts spells and uses its magical abilities at 6th level, plus its combat modifier. Emerald dragons are born with an innate flame walk ability and an immunity to sound-based attacks. As they age, they gain the following additional powers: | +Young: audible glamer three times a day | +Juvenile: hypnotism three times a day | +Adult: Melf's minute meteors three times a day | +Mature adult: hold person three times a day | +Venerable: animate rock once a day
Emerald	11	Wyrm	19	+11	2	22d4+11	8th	45%	Innate: An emerald dragon's breath weapon is a loud, keening wail which sets up a sonic vibration affecting all creatures within 120 feet of the dragon's mouth. Those in the area can save vs. breath weapons for half damage from the painful vibrations. Victims must make a second saving throw vs. breath weapon or be stunned, unable to defend or attack, for three rounds per age level of the dragon, plus 1d4 rounds. Those who successfully save are deafened and disoriented instead, for a like amount of time, and at -1 to attack rolls. Deafness does not protect one from vibratory damage, but pre-vents stunning or additional deafness. An emerald dragon casts spells and uses its magical abilities at 6th level, plus its combat modifier. Emerald dragons are born with an innate flame walk ability and an immunity to sound-based attacks. As they age, they gain the following additional powers: | +Young: audible glamer three times a day | +Juvenile: hypnotism three times a day | +Adult: Melf's minute meteors three times a day | +Mature adult: hold person three times a day | +Venerable: animate rock once a day
Emerald	12	Great Wyrm	20	+12	1	24d4+12	9th	50%	Innate: An emerald dragon's breath weapon is a loud, keening wail which sets up a sonic vibration affecting all creatures within 120 feet of the dragon's mouth. Those in the area can save vs. breath weapons for half damage from the painful vibrations. Victims must make a second saving throw vs. breath weapon or be stunned, unable to defend or attack, for three rounds per age level of the dragon, plus 1d4 rounds. Those who successfully save are deafened and disoriented instead, for a like amount of time, and at -1 to attack rolls. Deafness does not protect one from vibratory damage, but pre-vents stunning or additional deafness. An emerald dragon casts spells and uses its magical abilities at 6th level, plus its combat modifier. Emerald dragons are born with an innate flame walk ability and an immunity to sound-based attacks. As they age, they gain the following additional powers: | +Young: audible glamer three times a day | +Juvenile: hypnotism three times a day | +Adult: Melf's minute meteors three times a day | +Mature adult: hold person three times a day | +Venerable: animate rock once a day | +Great Wyrm: geas once a day. Hypnotism and geas are effected by the dragon's skilled rippling movement of its scales
Sapphire	1	Hatchling	7	+1	13	2d6+1	None	Nil	Innate: This dragon's breath weapon is cone of high-pitched, almost inaudible sound, 75 feet long, 5 feet wide at the dragon's mouth, and 25 feet wide at the base. Creatures caught by the blast can save vs. breath weapon for half damage from the sound's disruption, and must make a second saving throw vs. breath weapon or be affected by fear, fleeing the dragon in panic for two rounds per age level of the dragon, plus 1d6 rounds. This is a metabolic effect, and creatures unaffected by magical fear still suffer from the effects if they fail their save. Deafness does not protect one from the breath weapon's damage, though it prevents fear effects. A sapphire dragon casts spells and uses magical abilities at 7th level, plus combat modifier. Sapphire dragons are born with immunity to all forms of fear, as well as immunity to web, hold, slow, and paralysis. As they age, they gain the following additional powers:
Sapphire	2	Very young	9	+2	11	4d6+2	None	Nil	Innate: This dragon's breath weapon is cone of high-pitched, almost inaudible sound, 75 feet long, 5 feet wide at the dragon's mouth, and 25 feet wide at the base. Creatures caught by the blast can save vs. breath weapon for half damage from the sound's disruption, and must make a second saving throw vs. breath weapon or be affected by fear, fleeing the dragon in panic for two rounds per age level of the dragon, plus 1d6 rounds. This is a metabolic effect, and creatures unaffected by magical fear still suffer from the effects if they fail their save. Deafness does not protect one from the breath weapon's damage, though it prevents fear effects. A sapphire dragon casts spells and uses magical abilities at 7th level, plus combat modifier. Sapphire dragons are born with immunity to all forms of fear, as well as immunity to web, hold, slow, and paralysis. As they age, they gain the following additional powers:
Sapphire	3	Young	11	+3	9	6d6+3	None	Nil	Innate: This dragon's breath weapon is cone of high-pitched, almost inaudible sound, 75 feet long, 5 feet wide at the dragon's mouth, and 25 feet wide at the base. Creatures caught by the blast can save vs. breath weapon for half damage from the sound's disruption, and must make a second saving throw vs. breath weapon or be affected by fear, fleeing the dragon in panic for two rounds per age level of the dragon, plus 1d6 rounds. This is a metabolic effect, and creatures unaffected by magical fear still suffer from the effects if they fail their save. Deafness does not protect one from the breath weapon's damage, though it prevents fear effects. A sapphire dragon casts spells and uses magical abilities at 7th level, plus combat modifier. Sapphire dragons are born with immunity to all forms of fear, as well as immunity to web, hold, slow, and paralysis. As they age, they gain the following additional powers: | +Young: continual light three times a day
Sapphire	4	Juvenile	13	+4	7	8d6+4	1st	Nil	Innate: This dragon's breath weapon is cone of high-pitched, almost inaudible sound, 75 feet long, 5 feet wide at the dragon's mouth, and 25 feet wide at the base. Creatures caught by the blast can save vs. breath weapon for half damage from the sound's disruption, and must make a second saving throw vs. breath weapon or be affected by fear, fleeing the dragon in panic for two rounds per age level of the dragon, plus 1d6 rounds. This is a metabolic effect, and creatures unaffected by magical fear still suffer from the effects if they fail their save. Deafness does not protect one from the breath weapon's damage, though it prevents fear effects. A sapphire dragon casts spells and uses magical abilities at 7th level, plus combat modifier. Sapphire dragons are born with immunity to all forms of fear, as well as immunity to web, hold, slow, and paralysis. As they age, they gain the following additional powers: | +Young: continual light three times a day | +Juvenile: stone shape three times a day
Sapphire	5	Young adult	14	+5	6	10d6+5	2nd	20%	Innate: This dragon's breath weapon is cone of high-pitched, almost inaudible sound, 75 feet long, 5 feet wide at the dragon's mouth, and 25 feet wide at the base. Creatures caught by the blast can save vs. breath weapon for half damage from the sound's disruption, and must make a second saving throw vs. breath weapon or be affected by fear, fleeing the dragon in panic for two rounds per age level of the dragon, plus 1d6 rounds. This is a metabolic effect, and creatures unaffected by magical fear still suffer from the effects if they fail their save. Deafness does not protect one from the breath weapon's damage, though it prevents fear effects. A sapphire dragon casts spells and uses magical abilities at 7th level, plus combat modifier. Sapphire dragons are born with immunity to all forms of fear, as well as immunity to web, hold, slow, and paralysis. As they age, they gain the following additional powers: | +Young: continual light three times a day | +Juvenile: stone shape three times a day
Sapphire	6	Adult	15	+6	5	12d6+6	3rd	25%	Innate: This dragon's breath weapon is cone of high-pitched, almost inaudible sound, 75 feet long, 5 feet wide at the dragon's mouth, and 25 feet wide at the base. Creatures caught by the blast can save vs. breath weapon for half damage from the sound's disruption, and must make a second saving throw vs. breath weapon or be affected by fear, fleeing the dragon in panic for two rounds per age level of the dragon, plus 1d6 rounds. This is a metabolic effect, and creatures unaffected by magical fear still suffer from the effects if they fail their save. Deafness does not protect one from the breath weapon's damage, though it prevents fear effects. A sapphire dragon casts spells and uses magical abilities at 7th level, plus combat modifier. Sapphire dragons are born with immunity to all forms of fear, as well as immunity to web, hold, slow, and paralysis. As they age, they gain the following additional powers: | +Young: continual light three times a day | +Juvenile: stone shape three times a day | +Adult: anti-magic shell once a day
Sapphire	7	Mature adult	16	+7	4	14d6+7	4th	30%	Innate: This dragon's breath weapon is cone of high-pitched, almost inaudible sound, 75 feet long, 5 feet wide at the dragon's mouth, and 25 feet wide at the base. Creatures caught by the blast can save vs. breath weapon for half damage from the sound's disruption, and must make a second saving throw vs. breath weapon or be affected by fear, fleeing the dragon in panic for two rounds per age level of the dragon, plus 1d6 rounds. This is a metabolic effect, and creatures unaffected by magical fear still suffer from the effects if they fail their save. Deafness does not protect one from the breath weapon's damage, though it prevents fear effects. A sapphire dragon casts spells and uses magical abilities at 7th level, plus combat modifier. Sapphire dragons are born with immunity to all forms of fear, as well as immunity to web, hold, slow, and paralysis. As they age, they gain the following additional powers: | +Young: continual light three times a day | +Juvenile: stone shape three times a day | +Adult: anti-magic shell once a day | +Mature adult: passwall six times a day
Sapphire	8	Old	17	+8	3	16d6+8	4th	35%	Innate: This dragon's breath weapon is cone of high-pitched, almost inaudible sound, 75 feet long, 5 feet wide at the dragon's mouth, and 25 feet wide at the base. Creatures caught by the blast can save vs. breath weapon for half damage from the sound's disruption, and must make a second saving throw vs. breath weapon or be affected by fear, fleeing the dragon in panic for two rounds per age level of the dragon, plus 1d6 rounds. This is a metabolic effect, and creatures unaffected by magical fear still suffer from the effects if they fail their save. Deafness does not protect one from the breath weapon's damage, though it prevents fear effects. A sapphire dragon casts spells and uses magical abilities at 7th level, plus combat modifier. Sapphire dragons are born with immunity to all forms of fear, as well as immunity to web, hold, slow, and paralysis. As they age, they gain the following additional powers: | +Young: continual light three times a day | +Juvenile: stone shape three times a day | +Adult: anti-magic shell once a day | +Mature adult: passwall six times a day
Sapphire	9	Very old	18	+9	2	18d6+9	6th	40%	Innate: This dragon's breath weapon is cone of high-pitched, almost inaudible sound, 75 feet long, 5 feet wide at the dragon's mouth, and 25 feet wide at the base. Creatures caught by the blast can save vs. breath weapon for half damage from the sound's disruption, and must make a second saving throw vs. breath weapon or be affected by fear, fleeing the dragon in panic for two rounds per age level of the dragon, plus 1d6 rounds. This is a metabolic effect, and creatures unaffected by magical fear still suffer from the effects if they fail their save. Deafness does not protect one from the breath weapon's damage, though it prevents fear effects. A sapphire dragon casts spells and uses magical abilities at 7th level, plus combat modifier. Sapphire dragons are born with immunity to all forms of fear, as well as immunity to web, hold, slow, and paralysis. As they age, they gain the following additional powers: | +Young: continual light three times a day | +Juvenile: stone shape three times a day | +Adult: anti-magic shell once a day | +Mature adult: passwall six times a day
Sapphire	10	Venerable	19	+10	1	20d6+10	7th	45%	Innate: This dragon's breath weapon is cone of high-pitched, almost inaudible sound, 75 feet long, 5 feet wide at the dragon's mouth, and 25 feet wide at the base. Creatures caught by the blast can save vs. breath weapon for half damage from the sound's disruption, and must make a second saving throw vs. breath weapon or be affected by fear, fleeing the dragon in panic for two rounds per age level of the dragon, plus 1d6 rounds. This is a metabolic effect, and creatures unaffected by magical fear still suffer from the effects if they fail their save. Deafness does not protect one from the breath weapon's damage, though it prevents fear effects. A sapphire dragon casts spells and uses magical abilities at 7th level, plus combat modifier. Sapphire dragons are born with immunity to all forms of fear, as well as immunity to web, hold, slow, and paralysis. As they age, they gain the following additional powers: | +Young: continual light three times a day | +Juvenile: stone shape three times a day | +Adult: anti-magic shell once a day | +Mature adult: passwall six times a day | +Venerable: wall of stone three times a day
Sapphire	11	Wyrm	20	+11	0	22d6+11	9th	50%	Innate: This dragon's breath weapon is cone of high-pitched, almost inaudible sound, 75 feet long, 5 feet wide at the dragon's mouth, and 25 feet wide at the base. Creatures caught by the blast can save vs. breath weapon for half damage from the sound's disruption, and must make a second saving throw vs. breath weapon or be affected by fear, fleeing the dragon in panic for two rounds per age level of the dragon, plus 1d6 rounds. This is a metabolic effect, and creatures unaffected by magical fear still suffer from the effects if they fail their save. Deafness does not protect one from the breath weapon's damage, though it prevents fear effects. A sapphire dragon casts spells and uses magical abilities at 7th level, plus combat modifier. Sapphire dragons are born with immunity to all forms of fear, as well as immunity to web, hold, slow, and paralysis. As they age, they gain the following additional powers: | +Young: continual light three times a day | +Juvenile: stone shape three times a day | +Adult: anti-magic shell once a day | +Mature adult: passwall six times a day | +Venerable: wall of stone three times a day
Sapphire	12	Great Wyrm	21	+12	-1	24d6+12	9th	55%	Innate: This dragon's breath weapon is cone of high-pitched, almost inaudible sound, 75 feet long, 5 feet wide at the dragon's mouth, and 25 feet wide at the base. Creatures caught by the blast can save vs. breath weapon for half damage from the sound's disruption, and must make a second saving throw vs. breath weapon or be affected by fear, fleeing the dragon in panic for two rounds per age level of the dragon, plus 1d6 rounds. This is a metabolic effect, and creatures unaffected by magical fear still suffer from the effects if they fail their save. Deafness does not protect one from the breath weapon's damage, though it prevents fear effects. A sapphire dragon casts spells and uses magical abilities at 7th level, plus combat modifier. Sapphire dragons are born with immunity to all forms of fear, as well as immunity to web, hold, slow, and paralysis. As they age, they gain the following additional powers: | +Young: continual light three times a day | +Juvenile: stone shape three times a day | +Adult: anti-magic shell once a day | +Mature adult: passwall six times a day | +Venerable: wall of stone three times a day | +Great Wyrm: sunray three times a day
Topaz	1	Hatchling	5	+1	15	1d6+1	None	Nil	Innate: This dragon's breath weapon is a cone of dehydration, 70 feet long, 5 feet wide at the dragon's mouth and 25 feet wide at the base. When directed against liquids, a cubic foot of water dries up per hit point of damage. Creatures caught by the cone can make a saving throw vs. breath weapon for half damage from water loss. Those who fail to save lose 1d6+6 Strength points; those who succeed lose only 1d6 Strength points. Curative spells less powerful than heal or regeneration are ineffective against Strength loss, though victims who are carefully nursed back to health recover one Strength point per day. Any creature reduced to a Strength of zero or less dies instantly. A topaz dragon casts spells and uses magical abilities at 5th level, plus combat modifier. At birth, topaz dragons can breathe water and are immune to cold. As they age, they gain the following powers:
Topaz	2	Very young	7	+2	13	2d6+2	None	Nil	Innate: This dragon's breath weapon is a cone of dehydration, 70 feet long, 5 feet wide at the dragon's mouth and 25 feet wide at the base. When directed against liquids, a cubic foot of water dries up per hit point of damage. Creatures caught by the cone can make a saving throw vs. breath weapon for half damage from water loss. Those who fail to save lose 1d6+6 Strength points; those who succeed lose only 1d6 Strength points. Curative spells less powerful than heal or regeneration are ineffective against Strength loss, though victims who are carefully nursed back to health recover one Strength point per day. Any creature reduced to a Strength of zero or less dies instantly. A topaz dragon casts spells and uses magical abilities at 5th level, plus combat modifier. At birth, topaz dragons can breathe water and are immune to cold. As they age, they gain the following powers:
Topaz	3	Young	9	+3	11	3d6+3	None	Nil	Innate: This dragon's breath weapon is a cone of dehydration, 70 feet long, 5 feet wide at the dragon's mouth and 25 feet wide at the base. When directed against liquids, a cubic foot of water dries up per hit point of damage. Creatures caught by the cone can make a saving throw vs. breath weapon for half damage from water loss. Those who fail to save lose 1d6+6 Strength points; those who succeed lose only 1d6 Strength points. Curative spells less powerful than heal or regeneration are ineffective against Strength loss, though victims who are carefully nursed back to health recover one Strength point per day. Any creature reduced to a Strength of zero or less dies instantly. A topaz dragon casts spells and uses magical abilities at 5th level, plus combat modifier. At birth, topaz dragons can breathe water and are immune to cold. As they age, they gain the following powers: | +Young: protection from evil or good three times a day
Topaz	4	Juvenile	11	+4	9	4d6+4	1st	Nil	Innate: This dragon's breath weapon is a cone of dehydration, 70 feet long, 5 feet wide at the dragon's mouth and 25 feet wide at the base. When directed against liquids, a cubic foot of water dries up per hit point of damage. Creatures caught by the cone can make a saving throw vs. breath weapon for half damage from water loss. Those who fail to save lose 1d6+6 Strength points; those who succeed lose only 1d6 Strength points. Curative spells less powerful than heal or regeneration are ineffective against Strength loss, though victims who are carefully nursed back to health recover one Strength point per day. Any creature reduced to a Strength of zero or less dies instantly. A topaz dragon casts spells and uses magical abilities at 5th level, plus combat modifier. At birth, topaz dragons can breathe water and are immune to cold. As they age, they gain the following powers: | +Young: protection from evil or good three times a day | +Juvenile: blink three times a day
Topaz	5	Young adult	12	+5	8	5d6+5	2nd	10%	Innate: This dragon's breath weapon is a cone of dehydration, 70 feet long, 5 feet wide at the dragon's mouth and 25 feet wide at the base. When directed against liquids, a cubic foot of water dries up per hit point of damage. Creatures caught by the cone can make a saving throw vs. breath weapon for half damage from water loss. Those who fail to save lose 1d6+6 Strength points; those who succeed lose only 1d6 Strength points. Curative spells less powerful than heal or regeneration are ineffective against Strength loss, though victims who are carefully nursed back to health recover one Strength point per day. Any creature reduced to a Strength of zero or less dies instantly. A topaz dragon casts spells and uses magical abilities at 5th level, plus combat modifier. At birth, topaz dragons can breathe water and are immune to cold. As they age, they gain the following powers: | +Young: protection from evil or good three times a day | +Juvenile: blink three times a day
Topaz	6	Adult	13	+6	7	6d6+6	3rd	15%	Innate: This dragon's breath weapon is a cone of dehydration, 70 feet long, 5 feet wide at the dragon's mouth and 25 feet wide at the base. When directed against liquids, a cubic foot of water dries up per hit point of damage. Creatures caught by the cone can make a saving throw vs. breath weapon for half damage from water loss. Those who fail to save lose 1d6+6 Strength points; those who succeed lose only 1d6 Strength points. Curative spells less powerful than heal or regeneration are ineffective against Strength loss, though victims who are carefully nursed back to health recover one Strength point per day. Any creature reduced to a Strength of zero or less dies instantly. A topaz dragon casts spells and uses magical abilities at 5th level, plus combat modifier. At birth, topaz dragons can breathe water and are immune to cold. As they age, they gain the following powers: | +Young: protection from evil or good three times a day | +Juvenile: blink three times a day | +Adult: wall of fog three times a day
Topaz	7	Mature adult	14	+7	6	7d6+7	3rd	20%	Innate: This dragon's breath weapon is a cone of dehydration, 70 feet long, 5 feet wide at the dragon's mouth and 25 feet wide at the base. When directed against liquids, a cubic foot of water dries up per hit point of damage. Creatures caught by the cone can make a saving throw vs. breath weapon for half damage from water loss. Those who fail to save lose 1d6+6 Strength points; those who succeed lose only 1d6 Strength points. Curative spells less powerful than heal or regeneration are ineffective against Strength loss, though victims who are carefully nursed back to health recover one Strength point per day. Any creature reduced to a Strength of zero or less dies instantly. A topaz dragon casts spells and uses magical abilities at 5th level, plus combat modifier. At birth, topaz dragons can breathe water and are immune to cold. As they age, they gain the following powers: | +Young: protection from evil or good three times a day | +Juvenile: blink three times a day | +Adult: wall of fog three times a day | +Mature adult: airy water three times a day, 10-foot radius per age category of the dragon
Topaz	8	Old	15	+8	5	8d6+8	5th	25%	Innate: This dragon's breath weapon is a cone of dehydration, 70 feet long, 5 feet wide at the dragon's mouth and 25 feet wide at the base. When directed against liquids, a cubic foot of water dries up per hit point of damage. Creatures caught by the cone can make a saving throw vs. breath weapon for half damage from water loss. Those who fail to save lose 1d6+6 Strength points; those who succeed lose only 1d6 Strength points. Curative spells less powerful than heal or regeneration are ineffective against Strength loss, though victims who are carefully nursed back to health recover one Strength point per day. Any creature reduced to a Strength of zero or less dies instantly. A topaz dragon casts spells and uses magical abilities at 5th level, plus combat modifier. At birth, topaz dragons can breathe water and are immune to cold. As they age, they gain the following powers: | +Young: protection from evil or good three times a day | +Juvenile: blink three times a day | +Adult: wall of fog three times a day | +Mature adult: airy water three times a day, 10-foot radius per age category of the dragon | +Old: part water once a day
Topaz	9	Very old	16	+9	4	9d6+9	6th	30%	Innate: This dragon's breath weapon is a cone of dehydration, 70 feet long, 5 feet wide at the dragon's mouth and 25 feet wide at the base. When directed against liquids, a cubic foot of water dries up per hit point of damage. Creatures caught by the cone can make a saving throw vs. breath weapon for half damage from water loss. Those who fail to save lose 1d6+6 Strength points; those who succeed lose only 1d6 Strength points. Curative spells less powerful than heal or regeneration are ineffective against Strength loss, though victims who are carefully nursed back to health recover one Strength point per day. Any creature reduced to a Strength of zero or less dies instantly. A topaz dragon casts spells and uses magical abilities at 5th level, plus combat modifier. At birth, topaz dragons can breathe water and are immune to cold. As they age, they gain the following powers: | +Young: protection from evil or good three times a day | +Juvenile: blink three times a day | +Adult: wall of fog three times a day | +Mature adult: airy water three times a day, 10-foot radius per age category of the dragon | +Old: part water once a day
Topaz	10	Venerable	17	+10	3	10d6+10	7th	35%	Innate: This dragon's breath weapon is a cone of dehydration, 70 feet long, 5 feet wide at the dragon's mouth and 25 feet wide at the base. When directed against liquids, a cubic foot of water dries up per hit point of damage. Creatures caught by the cone can make a saving throw vs. breath weapon for half damage from water loss. Those who fail to save lose 1d6+6 Strength points; those who succeed lose only 1d6 Strength points. Curative spells less powerful than heal or regeneration are ineffective against Strength loss, though victims who are carefully nursed back to health recover one Strength point per day. Any creature reduced to a Strength of zero or less dies instantly. A topaz dragon casts spells and uses magical abilities at 5th level, plus combat modifier. At birth, topaz dragons can breathe water and are immune to cold. As they age, they gain the following powers: | +Young: protection from evil or good three times a day | +Juvenile: blink three times a day | +Adult: wall of fog three times a day | +Mature adult: airy water three times a day, 10-foot radius per age category of the dragon | +Old: part water once a day
Topaz	11	Wyrm	18	+11	2	11d6+11	7th	40%	Innate: This dragon's breath weapon is a cone of dehydration, 70 feet long, 5 feet wide at the dragon's mouth and 25 feet wide at the base. When directed against liquids, a cubic foot of water dries up per hit point of damage. Creatures caught by the cone can make a saving throw vs. breath weapon for half damage from water loss. Those who fail to save lose 1d6+6 Strength points; those who succeed lose only 1d6 Strength points. Curative spells less powerful than heal or regeneration are ineffective against Strength loss, though victims who are carefully nursed back to health recover one Strength point per day. Any creature reduced to a Strength of zero or less dies instantly. A topaz dragon casts spells and uses magical abilities at 5th level, plus combat modifier. At birth, topaz dragons can breathe water and are immune to cold. As they age, they gain the following powers: | +Young: protection from evil or good three times a day | +Juvenile: blink three times a day | +Adult: wall of fog three times a day | +Mature adult: airy water three times a day, 10-foot radius per age category of the dragon | +Old: part water once a day
Topaz	12	Great Wyrm	19	+12	1	12d6+12	8th	45%	Innate: This dragon's breath weapon is a cone of dehydration, 70 feet long, 5 feet wide at the dragon's mouth and 25 feet wide at the base. When directed against liquids, a cubic foot of water dries up per hit point of damage. Creatures caught by the cone can make a saving throw vs. breath weapon for half damage from water loss. Those who fail to save lose 1d6+6 Strength points; those who succeed lose only 1d6 Strength points. Curative spells less powerful than heal or regeneration are ineffective against Strength loss, though victims who are carefully nursed back to health recover one Strength point per day. Any creature reduced to a Strength of zero or less dies instantly. A topaz dragon casts spells and uses magical abilities at 5th level, plus combat modifier. At birth, topaz dragons can breathe water and are immune to cold. As they age, they gain the following powers: | +Young: protection from evil or good three times a day | +Juvenile: blink three times a day | +Adult: wall of fog three times a day | +Mature adult: airy water three times a day, 10-foot radius per age category of the dragon | +Old: part water once a day
Brassic [Brass]	1	Hatchling	6	+1	15	2d4+1	None	Nil	None listed in age table text.
Brassic [Brass]	2	Very young	8	+2	13	4d4+2	None	Nil	None listed in age table text.
Brassic [Brass]	3	Young	10	+3	11	6d4+3	None	Nil	None listed in age table text.
Brassic [Brass]	4	Juvenile	12	+4	9	8d4+4	1st	Nil	None listed in age table text.
Brassic [Brass]	5	Young adult	13	+5	8	10d4+5	1st	15%	None listed in age table text.
Brassic [Brass]	6	Adult	14	+6	7	12d4+6	2nd	20%	None listed in age table text.
Brassic [Brass]	7	Mature adult	15	+7	6	14d4+7	2nd	25%	None listed in age table text.
Brassic [Brass]	8	Old	16	+8	5	16d4+8	3rd	30%	None listed in age table text.
Brassic [Brass]	9	Very old	17	+9	4	18d4+9	4th	35%	None listed in age table text.
Brassic [Brass]	10	Venerable	18	+10	3	20d4+10	4th	40%	None listed in age table text.
Brassic [Brass]	11	Wyrm	19	+11	2	22d4+11	4th	45%	None listed in age table text.
Brassic [Brass]	12	Great Wyrm	20	+12	1	24d4+12	4th	50%	None listed in age table text.
Cobalt	1	Hatchling	N/A	+1	N/A	N/A	N/A	N/A	Not found in Monstrous Manual HTML files in this workspace.
Cobalt	2	Very young	N/A	+2	N/A	N/A	N/A	N/A	Not found in Monstrous Manual HTML files in this workspace.
Cobalt	3	Young	N/A	+3	N/A	N/A	N/A	N/A	Not found in Monstrous Manual HTML files in this workspace.
Cobalt	4	Juvenile	N/A	+4	N/A	N/A	N/A	N/A	Not found in Monstrous Manual HTML files in this workspace.
Cobalt	5	Young adult	N/A	+5	N/A	N/A	N/A	N/A	Not found in Monstrous Manual HTML files in this workspace.
Cobalt	6	Adult	N/A	+6	N/A	N/A	N/A	N/A	Not found in Monstrous Manual HTML files in this workspace.
Cobalt	7	Mature adult	N/A	+7	N/A	N/A	N/A	N/A	Not found in Monstrous Manual HTML files in this workspace.
Cobalt	8	Old	N/A	+8	N/A	N/A	N/A	N/A	Not found in Monstrous Manual HTML files in this workspace.
Cobalt	9	Very old	N/A	+9	N/A	N/A	N/A	N/A	Not found in Monstrous Manual HTML files in this workspace.
Cobalt	10	Venerable	N/A	+10	N/A	N/A	N/A	N/A	Not found in Monstrous Manual HTML files in this workspace.
Cobalt	11	Wyrm	N/A	+11	N/A	N/A	N/A	N/A	Not found in Monstrous Manual HTML files in this workspace.
Cobalt	12	Great Wyrm	N/A	+12	N/A	N/A	N/A	N/A	Not found in Monstrous Manual HTML files in this workspace.
Jade	1	Hatchling	N/A	+1	N/A	N/A	N/A	N/A	Not found in Monstrous Manual HTML files in this workspace.
Jade	2	Very young	N/A	+2	N/A	N/A	N/A	N/A	Not found in Monstrous Manual HTML files in this workspace.
Jade	3	Young	N/A	+3	N/A	N/A	N/A	N/A	Not found in Monstrous Manual HTML files in this workspace.
Jade	4	Juvenile	N/A	+4	N/A	N/A	N/A	N/A	Not found in Monstrous Manual HTML files in this workspace.
Jade	5	Young adult	N/A	+5	N/A	N/A	N/A	N/A	Not found in Monstrous Manual HTML files in this workspace.
Jade	6	Adult	N/A	+6	N/A	N/A	N/A	N/A	Not found in Monstrous Manual HTML files in this workspace.
Jade	7	Mature adult	N/A	+7	N/A	N/A	N/A	N/A	Not found in Monstrous Manual HTML files in this workspace.
Jade	8	Old	N/A	+8	N/A	N/A	N/A	N/A	Not found in Monstrous Manual HTML files in this workspace.
Jade	9	Very old	N/A	+9	N/A	N/A	N/A	N/A	Not found in Monstrous Manual HTML files in this workspace.
Jade	10	Venerable	N/A	+10	N/A	N/A	N/A	N/A	Not found in Monstrous Manual HTML files in this workspace.
Jade	11	Wyrm	N/A	+11	N/A	N/A	N/A	N/A	Not found in Monstrous Manual HTML files in this workspace.
Jade	12	Great Wyrm	N/A	+12	N/A	N/A	N/A	N/A	Not found in Monstrous Manual HTML files in this workspace.
Onyx	1	Hatchling	N/A	+1	N/A	N/A	N/A	N/A	Not found in Monstrous Manual HTML files in this workspace.
Onyx	2	Very young	N/A	+2	N/A	N/A	N/A	N/A	Not found in Monstrous Manual HTML files in this workspace.
Onyx	3	Young	N/A	+3	N/A	N/A	N/A	N/A	Not found in Monstrous Manual HTML files in this workspace.
Onyx	4	Juvenile	N/A	+4	N/A	N/A	N/A	N/A	Not found in Monstrous Manual HTML files in this workspace.
Onyx	5	Young adult	N/A	+5	N/A	N/A	N/A	N/A	Not found in Monstrous Manual HTML files in this workspace.
Onyx	6	Adult	N/A	+6	N/A	N/A	N/A	N/A	Not found in Monstrous Manual HTML files in this workspace.
Onyx	7	Mature adult	N/A	+7	N/A	N/A	N/A	N/A	Not found in Monstrous Manual HTML files in this workspace.
Onyx	8	Old	N/A	+8	N/A	N/A	N/A	N/A	Not found in Monstrous Manual HTML files in this workspace.
Onyx	9	Very old	N/A	+9	N/A	N/A	N/A	N/A	Not found in Monstrous Manual HTML files in this workspace.
Onyx	10	Venerable	N/A	+10	N/A	N/A	N/A	N/A	Not found in Monstrous Manual HTML files in this workspace.
Onyx	11	Wyrm	N/A	+11	N/A	N/A	N/A	N/A	Not found in Monstrous Manual HTML files in this workspace.
Onyx	12	Great Wyrm	N/A	+12	N/A	N/A	N/A	N/A	Not found in Monstrous Manual HTML files in this workspace.
Shadowjade	1	Hatchling	N/A	+1	N/A	N/A	N/A	N/A	Not found in Monstrous Manual HTML files in this workspace.
Shadowjade	2	Very young	N/A	+2	N/A	N/A	N/A	N/A	Not found in Monstrous Manual HTML files in this workspace.
Shadowjade	3	Young	N/A	+3	N/A	N/A	N/A	N/A	Not found in Monstrous Manual HTML files in this workspace.
Shadowjade	4	Juvenile	N/A	+4	N/A	N/A	N/A	N/A	Not found in Monstrous Manual HTML files in this workspace.
Shadowjade	5	Young adult	N/A	+5	N/A	N/A	N/A	N/A	Not found in Monstrous Manual HTML files in this workspace.
Shadowjade	6	Adult	N/A	+6	N/A	N/A	N/A	N/A	Not found in Monstrous Manual HTML files in this workspace.
Shadowjade	7	Mature adult	N/A	+7	N/A	N/A	N/A	N/A	Not found in Monstrous Manual HTML files in this workspace.
Shadowjade	8	Old	N/A	+8	N/A	N/A	N/A	N/A	Not found in Monstrous Manual HTML files in this workspace.
Shadowjade	9	Very old	N/A	+9	N/A	N/A	N/A	N/A	Not found in Monstrous Manual HTML files in this workspace.
Shadowjade	10	Venerable	N/A	+10	N/A	N/A	N/A	N/A	Not found in Monstrous Manual HTML files in this workspace.
Shadowjade	11	Wyrm	N/A	+11	N/A	N/A	N/A	N/A	Not found in Monstrous Manual HTML files in this workspace.
Shadowjade	12	Great Wyrm	N/A	+12	N/A	N/A	N/A	N/A	Not found in Monstrous Manual HTML files in this workspace.